id,date,time,mode,rating
1,2021/04/07,10:41:02,en2cn,6
1,2021/04/07,10:41:03,cn2en,6
4,2021/04/07,22:08:34,cn2en,6
5,2021/04/07,22:08:37,cn2en,6
3,2021/04/07,22:08:41,en2cn,6
6,2021/04/07,22:08:46,en2cn,6
11,2021/04/07,22:08:49,en2cn,6
9,2021/04/07,22:08:52,en2cn,6
15,2021/04/07,22:08:53,cn2en,6
13,2021/04/07,22:08:57,en2cn,6
3,2021/04/07,22:09:02,cn2en,5
20,2021/04/07,22:09:09,cn2en,5
6,2021/04/07,22:09:11,cn2en,6
18,2021/04/07,22:09:15,en2cn,6
9,2021/04/07,22:09:17,cn2en,6
14,2021/04/07,22:09:23,en2cn,6
2,2021/04/07,22:09:34,en2cn,3
4,2021/04/07,22:09:36,en2cn,6
7,2021/04/07,22:09:43,en2cn,3
11,2021/04/07,22:09:46,cn2en,6
17,2021/04/07,22:09:49,cn2en,6
8,2021/04/07,22:09:55,cn2en,6
14,2021/04/07,22:09:59,cn2en,6
15,2021/04/07,22:10:01,en2cn,6
16,2021/04/07,22:10:03,en2cn,6
7,2021/04/07,22:10:07,cn2en,6
12,2021/04/07,22:10:09,en2cn,6
16,2021/04/07,22:10:11,cn2en,6
2,2021/04/07,22:10:13,cn2en,6
10,2021/04/07,22:10:24,cn2en,4
18,2021/04/07,22:10:27,cn2en,6
8,2021/04/07,22:11:05,en2cn,5
13,2021/04/07,22:11:08,cn2en,6
5,2021/04/07,22:11:10,en2cn,6
17,2021/04/07,22:11:13,en2cn,6
19,2021/04/07,22:11:17,en2cn,6
20,2021/04/07,22:11:19,en2cn,6
19,2021/04/07,22:11:22,cn2en,6
10,2021/04/07,22:11:24,en2cn,6
21,2021/04/07,22:11:27,cn2en,6
12,2021/04/07,22:11:28,cn2en,6
21,2021/04/07,22:11:30,en2cn,6
42,2021/04/07,22:11:48,en2cn,6
35,2021/04/07,22:12:02,cn2en,5
55,2021/04/07,22:12:23,en2cn,4
24,2021/04/07,22:12:58,cn2en,5
47,2021/04/07,22:13:02,en2cn,6
54,2021/04/07,22:13:12,en2cn,2
45,2021/04/07,22:13:15,cn2en,6
26,2021/04/07,22:13:17,cn2en,6
53,2021/04/07,22:13:40,en2cn,2
48,2021/04/07,22:13:43,en2cn,6
32,2021/04/07,22:13:44,en2cn,6
45,2021/04/07,22:13:46,en2cn,6
27,2021/04/07,22:13:48,cn2en,6
30,2021/04/07,22:13:50,en2cn,6
55,2021/04/07,22:14:05,cn2en,4
46,2021/04/07,22:14:07,cn2en,6
49,2021/04/07,22:14:11,cn2en,5
52,2021/04/07,22:14:13,en2cn,6
28,2021/04/07,22:14:15,cn2en,6
50,2021/04/07,22:14:27,cn2en,6
52,2021/04/07,22:14:29,cn2en,6
37,2021/04/07,22:14:33,en2cn,6
28,2021/04/07,22:14:35,en2cn,6
38,2021/04/07,22:15:24,en2cn,6
33,2021/04/07,22:15:51,cn2en,6
32,2021/04/07,22:15:52,cn2en,6
25,2021/04/07,22:15:53,cn2en,6
23,2021/04/07,22:15:58,en2cn,5
51,2021/04/07,22:17:12,cn2en,6
44,2021/04/07,22:17:24,cn2en,2
53,2021/04/07,22:17:46,cn2en,4
37,2021/04/07,22:17:48,cn2en,6
42,2021/04/07,22:17:51,cn2en,6
29,2021/04/07,22:17:53,en2cn,6
46,2021/04/07,22:17:57,en2cn,6
41,2021/04/07,22:18:00,cn2en,6
24,2021/04/07,22:18:03,en2cn,6
39,2021/04/07,22:18:05,en2cn,6
41,2021/04/07,22:18:08,en2cn,6
40,2021/04/07,22:18:11,cn2en,6
40,2021/04/07,22:18:13,en2cn,6
25,2021/04/07,22:18:16,en2cn,6
31,2021/04/07,22:18:19,en2cn,6
36,2021/04/07,22:18:22,en2cn,6
33,2021/04/07,22:18:24,en2cn,6
56,2021/04/07,22:18:26,cn2en,6
26,2021/04/07,22:18:27,en2cn,6
29,2021/04/07,22:18:29,cn2en,6
48,2021/04/07,22:18:30,cn2en,6
23,2021/04/07,22:18:34,cn2en,6
51,2021/04/07,22:18:39,en2cn,6
39,2021/04/07,22:18:40,cn2en,6
36,2021/04/07,22:18:41,cn2en,6
34,2021/04/07,22:18:43,en2cn,6
22,2021/04/07,22:18:47,cn2en,6
47,2021/04/07,22:18:50,cn2en,6
34,2021/04/07,22:18:51,cn2en,6
27,2021/04/07,22:18:52,en2cn,6
35,2021/04/07,22:19:03,en2cn,6
38,2021/04/07,22:19:04,cn2en,6
50,2021/04/07,22:19:06,en2cn,6
43,2021/04/07,22:20:05,en2cn,5
22,2021/04/07,22:20:08,en2cn,6
43,2021/04/07,22:20:12,cn2en,2
49,2021/04/07,22:20:14,en2cn,6
30,2021/04/07,22:20:16,cn2en,6
56,2021/04/07,22:20:19,en2cn,6
31,2021/04/07,22:20:23,cn2en,6
44,2021/04/07,22:20:29,en2cn,5
54,2021/04/07,22:20:37,cn2en,4
61,2021/04/08,21:46:57,en2cn,6
62,2021/04/08,21:47:01,cn2en,6
67,2021/04/08,21:47:05,cn2en,6
95,2021/04/08,21:47:08,en2cn,5
82,2021/04/08,21:47:10,en2cn,6
64,2021/04/08,21:47:21,cn2en,5
95,2021/04/08,21:47:24,cn2en,6
58,2021/04/08,21:47:27,cn2en,6
70,2021/04/08,21:47:41,cn2en,3
57,2021/04/08,21:47:45,en2cn,6
92,2021/04/08,21:47:49,cn2en,6
63,2021/04/08,21:48:00,cn2en,3
71,2021/04/08,21:48:04,en2cn,6
87,2021/04/08,21:48:10,en2cn,6
64,2021/04/08,21:48:14,en2cn,6
93,2021/04/08,21:48:17,en2cn,6
90,2021/04/08,21:48:20,en2cn,6
75,2021/04/08,21:48:23,cn2en,6
85,2021/04/08,21:48:43,en2cn,6
90,2021/04/08,21:48:46,cn2en,6
60,2021/04/08,21:48:48,cn2en,6
58,2021/04/08,21:48:51,en2cn,6
74,2021/04/08,21:48:54,cn2en,6
65,2021/04/08,21:48:57,en2cn,6
77,2021/04/08,21:49:00,cn2en,6
88,2021/04/08,21:49:14,cn2en,4
84,2021/04/08,21:49:17,cn2en,6
85,2021/04/08,21:49:19,cn2en,6
63,2021/04/08,21:49:26,en2cn,3
91,2021/04/08,21:49:35,en2cn,5
76,2021/04/08,21:49:43,cn2en,4
79,2021/04/08,21:49:49,en2cn,5
66,2021/04/08,21:49:53,cn2en,6
84,2021/04/08,21:49:56,en2cn,6
57,2021/04/08,21:50:00,cn2en,6
94,2021/04/08,21:50:11,en2cn,2
73,2021/04/08,21:50:25,en2cn,4
78,2021/04/08,21:50:30,en2cn,5
61,2021/04/08,21:50:34,cn2en,6
59,2021/04/08,21:50:38,en2cn,6
94,2021/04/08,21:50:42,cn2en,6
71,2021/04/08,21:50:46,cn2en,6
69,2021/04/08,21:50:49,cn2en,6
62,2021/04/08,21:50:52,en2cn,6
78,2021/04/08,21:50:55,cn2en,6
79,2021/04/08,21:50:58,cn2en,6
73,2021/04/08,21:51:02,cn2en,4
81,2021/04/08,21:51:05,cn2en,6
67,2021/04/08,21:51:08,en2cn,6
92,2021/04/08,21:51:13,en2cn,6
93,2021/04/08,21:51:16,cn2en,6
86,2021/04/08,21:51:18,cn2en,6
68,2021/04/08,21:51:22,cn2en,6
80,2021/04/08,21:51:24,cn2en,6
68,2021/04/08,21:51:28,en2cn,6
91,2021/04/08,21:51:31,cn2en,6
59,2021/04/08,21:51:34,cn2en,6
81,2021/04/08,21:51:36,en2cn,6
70,2021/04/08,21:51:40,en2cn,6
76,2021/04/08,21:51:45,en2cn,6
66,2021/04/08,21:51:47,en2cn,6
89,2021/04/08,21:51:51,en2cn,6
83,2021/04/08,21:51:53,cn2en,6
80,2021/04/08,21:51:56,en2cn,6
77,2021/04/08,21:52:00,en2cn,6
65,2021/04/08,21:52:03,cn2en,6
88,2021/04/08,21:52:12,en2cn,6
72,2021/04/08,21:52:14,en2cn,6
83,2021/04/08,21:52:18,en2cn,6
75,2021/04/08,21:52:21,en2cn,6
82,2021/04/08,21:52:23,cn2en,6
60,2021/04/08,21:52:26,en2cn,6
69,2021/04/08,21:52:31,en2cn,6
87,2021/04/08,21:52:35,cn2en,6
86,2021/04/08,21:52:37,en2cn,6
72,2021/04/08,21:52:39,cn2en,6
74,2021/04/08,21:52:42,en2cn,6
89,2021/04/08,21:52:44,cn2en,6
120,2021/04/21,21:09:22,cn2en,6
111,2021/04/21,21:09:26,cn2en,6
109,2021/04/21,21:09:30,en2cn,6
105,2021/04/21,21:09:40,en2cn,4
98,2021/04/21,21:09:49,en2cn,5
114,2021/04/21,21:10:01,en2cn,4
121,2021/04/21,21:10:06,cn2en,5
110,2021/04/21,21:10:10,cn2en,6
111,2021/04/21,21:10:15,en2cn,6
101,2021/04/21,21:10:18,cn2en,6
110,2021/04/21,21:10:22,en2cn,6
124,2021/04/21,21:10:25,cn2en,6
118,2021/04/21,21:10:34,en2cn,4
108,2021/04/21,21:10:38,cn2en,6
113,2021/04/21,21:10:53,en2cn,5
125,2021/04/21,21:10:57,cn2en,6
121,2021/04/21,21:11:00,en2cn,6
116,2021/04/21,21:11:05,cn2en,5
123,2021/04/21,21:11:10,en2cn,6
102,2021/04/21,21:11:27,cn2en,1
117,2021/04/21,21:11:31,cn2en,6
112,2021/04/21,21:11:36,en2cn,6
106,2021/04/21,21:11:41,cn2en,6
97,2021/04/21,21:12:13,en2cn,6
100,2021/04/21,21:12:17,cn2en,6
98,2021/04/21,21:12:21,cn2en,5
123,2021/04/21,21:12:24,cn2en,6
99,2021/04/21,21:12:59,en2cn,6
115,2021/04/21,21:13:14,en2cn,3
114,2021/04/21,21:13:18,cn2en,6
109,2021/04/21,21:13:20,cn2en,6
113,2021/04/21,21:13:31,cn2en,4
119,2021/04/21,21:13:35,cn2en,6
117,2021/04/21,21:13:37,en2cn,6
99,2021/04/21,21:13:39,cn2en,6
118,2021/04/21,21:13:41,cn2en,6
96,2021/04/21,21:13:45,cn2en,6
108,2021/04/21,21:13:48,en2cn,6
120,2021/04/21,21:14:05,en2cn,6
106,2021/04/21,21:14:07,en2cn,6
107,2021/04/21,21:14:15,cn2en,4
103,2021/04/21,21:14:31,cn2en,4
122,2021/04/21,21:14:35,en2cn,6
100,2021/04/21,21:14:37,en2cn,6
124,2021/04/21,21:14:40,en2cn,6
115,2021/04/21,21:14:44,cn2en,6
105,2021/04/21,21:14:45,cn2en,6
102,2021/04/21,21:14:54,en2cn,4
116,2021/04/21,21:14:57,en2cn,6
101,2021/04/21,21:14:59,en2cn,6
107,2021/04/21,21:15:01,en2cn,6
103,2021/04/21,21:15:04,en2cn,6
112,2021/04/21,21:15:06,cn2en,6
104,2021/04/21,21:15:12,en2cn,5
125,2021/04/21,21:15:14,en2cn,6
96,2021/04/21,21:15:17,en2cn,6
119,2021/04/21,21:15:20,en2cn,6
104,2021/04/21,21:15:23,cn2en,6
122,2021/04/21,21:15:26,cn2en,6
97,2021/04/21,21:15:28,cn2en,6
142,2021/04/22,16:22:11,en2cn,6
132,2021/04/22,16:22:52,en2cn,6
145,2021/04/22,16:23:05,en2cn,2
126,2021/04/22,16:23:09,cn2en,6
139,2021/04/22,16:23:14,cn2en,6
144,2021/04/22,16:23:17,en2cn,6
173,2021/04/22,16:23:27,en2cn,2
167,2021/04/22,16:23:35,cn2en,5
146,2021/04/22,16:23:54,en2cn,1
162,2021/04/22,16:24:02,cn2en,3
141,2021/04/22,16:24:15,en2cn,3
154,2021/04/22,16:24:18,cn2en,6
161,2021/04/22,16:24:25,cn2en,6
164,2021/04/22,16:24:42,en2cn,3
157,2021/04/22,16:24:46,cn2en,5
155,2021/04/22,16:24:55,cn2en,3
143,2021/04/22,16:25:14,en2cn,6
168,2021/04/22,16:25:20,en2cn,5
130,2021/04/22,16:25:39,en2cn,3
127,2021/04/22,16:25:42,en2cn,6
151,2021/04/22,16:25:49,en2cn,5
133,2021/04/22,16:26:16,en2cn,6
133,2021/04/22,16:26:19,cn2en,6
129,2021/04/22,16:26:36,en2cn,2
165,2021/04/22,16:26:49,en2cn,5
155,2021/04/22,16:26:57,en2cn,5
135,2021/04/22,16:27:04,en2cn,4
145,2021/04/22,16:27:12,cn2en,4
174,2021/04/22,16:27:16,cn2en,6
156,2021/04/22,16:27:22,en2cn,6
171,2021/04/22,16:27:42,en2cn,6
172,2021/04/22,16:27:52,en2cn,6
163,2021/04/22,16:28:00,en2cn,6
127,2021/04/22,16:28:04,cn2en,6
136,2021/04/22,16:28:21,en2cn,5
152,2021/04/22,16:28:26,cn2en,6
172,2021/04/22,16:28:29,cn2en,6
161,2021/04/22,16:28:33,en2cn,6
149,2021/04/22,16:29:22,cn2en,5
163,2021/04/22,16:29:25,cn2en,6
159,2021/04/22,16:29:30,en2cn,6
130,2021/04/22,16:29:34,cn2en,4
150,2021/04/22,16:29:58,cn2en,2
158,2021/04/22,16:30:02,cn2en,5
132,2021/04/22,16:30:04,cn2en,6
169,2021/04/22,16:30:07,cn2en,6
137,2021/04/22,16:30:18,cn2en,6
152,2021/04/22,16:30:23,en2cn,6
174,2021/04/22,16:30:24,en2cn,6
142,2021/04/22,16:30:27,cn2en,6
171,2021/04/22,16:30:29,cn2en,6
164,2021/04/22,16:30:33,cn2en,6
128,2021/04/22,16:30:38,en2cn,3
166,2021/04/22,16:30:48,en2cn,4
166,2021/04/22,16:30:56,cn2en,5
138,2021/04/22,16:30:58,en2cn,6
139,2021/04/22,16:31:01,en2cn,6
149,2021/04/22,16:31:05,en2cn,6
160,2021/04/22,16:31:09,cn2en,6
131,2021/04/22,16:31:37,cn2en,2
140,2021/04/22,16:31:57,en2cn,2
143,2021/04/22,16:32:00,cn2en,6
128,2021/04/22,16:32:02,cn2en,6
169,2021/04/22,16:32:06,en2cn,6
126,2021/04/22,16:32:11,en2cn,3
159,2021/04/22,16:32:15,cn2en,6
129,2021/04/22,16:32:26,cn2en,5
134,2021/04/22,16:32:28,cn2en,6
158,2021/04/22,16:32:32,en2cn,6
160,2021/04/22,16:32:47,en2cn,6
147,2021/04/22,16:32:53,en2cn,5
151,2021/04/22,16:32:57,cn2en,6
168,2021/04/22,16:33:06,cn2en,4
144,2021/04/22,16:33:08,cn2en,6
170,2021/04/22,16:33:12,cn2en,6
165,2021/04/22,16:33:17,cn2en,6
173,2021/04/22,16:33:22,cn2en,4
140,2021/04/22,16:33:27,cn2en,6
135,2021/04/22,16:33:31,cn2en,6
170,2021/04/22,16:33:35,en2cn,6
138,2021/04/22,16:33:39,cn2en,6
131,2021/04/22,16:33:51,en2cn,5
134,2021/04/22,16:34:05,en2cn,6
157,2021/04/22,16:34:16,en2cn,5
147,2021/04/22,16:34:19,cn2en,6
136,2021/04/22,16:34:22,cn2en,6
153,2021/04/22,16:34:27,en2cn,5
150,2021/04/22,16:34:30,en2cn,5
154,2021/04/22,16:34:35,en2cn,5
148,2021/04/22,16:34:57,cn2en,1
156,2021/04/22,16:34:59,cn2en,6
162,2021/04/22,16:35:03,en2cn,6
141,2021/04/22,16:35:07,cn2en,6
137,2021/04/22,16:35:14,en2cn,5
167,2021/04/22,16:35:18,en2cn,6
146,2021/04/22,16:35:27,cn2en,4
148,2021/04/22,16:35:35,en2cn,1
153,2021/04/22,16:35:37,cn2en,6
178,2021/06/19,12:44:12,en2cn,3
193,2021/06/19,12:44:21,en2cn,4
177,2021/06/19,12:44:29,cn2en,5
175,2021/06/19,12:44:33,cn2en,5
186,2021/06/19,12:44:40,cn2en,4
193,2021/06/19,12:46:47,cn2en,5
184,2021/06/19,12:46:59,en2cn,3
194,2021/06/19,12:47:07,cn2en,4
190,2021/06/19,12:47:13,en2cn,6
194,2021/06/19,12:47:18,en2cn,5
176,2021/06/19,12:47:21,cn2en,6
187,2021/06/19,12:47:32,en2cn,2
179,2021/06/19,12:47:38,en2cn,5
188,2021/06/19,12:47:44,en2cn,5
177,2021/06/19,12:47:49,en2cn,5
189,2021/06/19,12:47:55,en2cn,5
182,2021/06/19,12:48:06,cn2en,4
182,2021/06/19,12:48:10,en2cn,4
186,2021/06/19,12:48:13,en2cn,6
190,2021/06/19,12:48:18,cn2en,6
175,2021/06/19,12:48:21,en2cn,6
192,2021/06/19,12:48:37,cn2en,4
189,2021/06/19,12:48:39,cn2en,6
187,2021/06/19,12:49:32,cn2en,4
191,2021/06/19,12:49:37,cn2en,5
181,2021/06/19,12:49:45,en2cn,5
183,2021/06/19,12:50:17,en2cn,4
180,2021/06/19,12:50:20,cn2en,5
183,2021/06/19,12:50:23,cn2en,6
180,2021/06/19,12:50:26,en2cn,6
181,2021/06/19,12:50:29,cn2en,5
185,2021/06/19,12:50:33,en2cn,6
178,2021/06/19,12:50:39,cn2en,6
191,2021/06/19,12:50:41,en2cn,6
176,2021/06/19,12:50:44,en2cn,6
185,2021/06/19,12:50:46,cn2en,6
184,2021/06/19,12:50:51,cn2en,6
179,2021/06/19,12:50:54,cn2en,6
192,2021/06/19,12:50:59,en2cn,6
188,2021/06/19,12:51:02,cn2en,6
205,2021/06/19,13:06:37,en2cn,6
198,2021/06/19,13:06:42,en2cn,4
205,2021/06/19,13:06:46,cn2en,6
204,2021/06/19,13:06:50,en2cn,6
200,2021/06/19,13:06:52,en2cn,6
199,2021/06/19,13:07:02,cn2en,1
202,2021/06/19,13:07:06,cn2en,6
200,2021/06/19,13:07:11,cn2en,5
207,2021/06/19,13:07:14,cn2en,2
201,2021/06/19,13:07:20,en2cn,3
198,2021/06/19,13:07:23,cn2en,6
203,2021/06/19,13:07:25,cn2en,6
195,2021/06/19,13:07:27,cn2en,6
196,2021/06/19,13:07:34,cn2en,2
201,2021/06/19,13:07:39,cn2en,5
206,2021/06/19,13:07:53,cn2en,2
195,2021/06/19,13:07:55,en2cn,6
207,2021/06/19,13:08:00,en2cn,2
197,2021/06/19,13:08:04,en2cn,6
203,2021/06/19,13:08:06,en2cn,6
199,2021/06/19,13:08:17,en2cn,2
206,2021/06/19,13:08:23,en2cn,2
202,2021/06/19,13:08:44,en2cn,6
197,2021/06/19,13:08:48,cn2en,5
196,2021/06/19,13:08:57,en2cn,4
204,2021/06/19,13:09:01,cn2en,6
209,2021/06/19,13:09:47,cn2en,5
214,2021/06/19,13:09:53,en2cn,5
212,2021/06/19,13:09:58,en2cn,6
208,2021/06/19,13:10:03,cn2en,4
211,2021/06/19,13:10:11,cn2en,3
211,2021/06/19,13:10:15,en2cn,4
209,2021/06/19,13:10:18,en2cn,6
210,2021/06/19,13:10:29,en2cn,3
213,2021/06/19,13:10:38,en2cn,4
215,2021/06/19,13:10:50,en2cn,1
210,2021/06/19,13:10:54,cn2en,4
208,2021/06/19,13:11:12,en2cn,5
215,2021/06/19,13:11:19,cn2en,3
217,2021/06/19,13:31:00,en2cn,6
212,2021/06/19,13:31:02,cn2en,6
213,2021/06/19,13:31:05,cn2en,6
217,2021/06/19,13:31:08,cn2en,6
214,2021/06/19,13:31:10,cn2en,6
216,2021/06/19,13:31:17,cn2en,3
216,2021/06/19,13:31:20,en2cn,3
236,2021/06/21,22:30:05,en2cn,5
219,2021/06/21,22:30:09,cn2en,6
232,2021/06/21,22:30:15,en2cn,6
230,2021/06/21,22:30:26,cn2en,4
236,2021/06/21,22:30:29,cn2en,6
224,2021/06/21,22:30:46,en2cn,3
239,2021/06/21,22:30:52,cn2en,6
220,2021/06/21,22:30:55,en2cn,6
227,2021/06/21,22:30:59,en2cn,6
232,2021/06/21,22:31:02,cn2en,6
237,2021/06/21,22:31:08,en2cn,5
220,2021/06/21,22:31:10,cn2en,6
223,2021/06/21,22:31:16,cn2en,5
218,2021/06/21,22:31:45,en2cn,4
221,2021/06/21,22:31:50,cn2en,5
227,2021/06/21,22:31:54,cn2en,6
225,2021/06/21,22:32:04,en2cn,3
242,2021/06/21,22:32:21,cn2en,2
234,2021/06/21,22:32:34,cn2en,3
234,2021/06/21,22:32:41,en2cn,5
228,2021/06/21,22:32:45,cn2en,6
222,2021/06/21,22:32:50,cn2en,6
237,2021/06/21,22:32:54,cn2en,6
225,2021/06/21,22:32:59,cn2en,6
233,2021/06/21,22:33:11,en2cn,3
224,2021/06/21,22:33:20,cn2en,4
238,2021/06/21,22:33:40,cn2en,3
229,2021/06/21,22:33:48,cn2en,4
231,2021/06/21,22:33:54,en2cn,5
221,2021/06/21,22:34:03,en2cn,5
230,2021/06/21,22:34:09,en2cn,5
239,2021/06/21,22:34:13,en2cn,6
231,2021/06/21,22:34:16,cn2en,6
219,2021/06/21,22:34:19,en2cn,6
222,2021/06/21,22:34:23,en2cn,6
235,2021/06/21,22:34:31,en2cn,6
218,2021/06/21,22:34:37,cn2en,5
242,2021/06/21,22:34:42,en2cn,5
241,2021/06/21,22:34:49,en2cn,5
240,2021/06/21,22:34:59,cn2en,4
229,2021/06/21,22:35:02,en2cn,5
235,2021/06/21,22:35:05,cn2en,6
228,2021/06/21,22:35:08,en2cn,6
240,2021/06/21,22:35:11,en2cn,6
223,2021/06/21,22:35:18,en2cn,5
241,2021/06/21,22:35:22,cn2en,5
238,2021/06/21,22:35:26,en2cn,5
226,2021/06/21,22:35:48,cn2en,3
233,2021/06/21,22:35:52,cn2en,6
226,2021/06/21,22:36:08,en2cn,4
131,2021/06/21,22:37:23,cn2en,1
43,2021/06/21,22:37:52,cn2en,2
196,2021/06/21,22:38:07,cn2en,3
242,2021/06/21,22:38:18,cn2en,4
102,2021/06/21,22:39:06,cn2en,2
206,2021/06/21,22:39:21,cn2en,3
150,2021/06/21,22:39:37,cn2en,1
44,2021/06/21,22:40:05,cn2en,4
207,2021/06/21,22:40:27,cn2en,2
148,2021/06/21,22:41:08,cn2en,1
257,2021/06/23,18:12:29,en2cn,5
275,2021/06/23,18:12:40,cn2en,3
264,2021/06/23,18:12:50,en2cn,3
265,2021/06/23,18:12:54,cn2en,6
271,2021/06/23,18:12:58,cn2en,6
255,2021/06/23,18:13:08,cn2en,3
274,2021/06/23,18:13:20,en2cn,3
246,2021/06/23,18:13:32,en2cn,4
247,2021/06/23,18:13:59,en2cn,1
254,2021/06/23,18:14:04,cn2en,5
255,2021/06/23,18:14:08,en2cn,4
253,2021/06/23,18:14:27,cn2en,3
271,2021/06/23,18:14:32,en2cn,5
264,2021/06/23,18:14:36,cn2en,6
250,2021/06/23,18:14:44,cn2en,5
251,2021/06/23,18:14:52,cn2en,3
272,2021/06/23,18:15:25,cn2en,3
259,2021/06/23,18:15:29,en2cn,6
265,2021/06/23,18:15:32,en2cn,6
262,2021/06/23,18:15:35,en2cn,6
269,2021/06/23,18:15:44,en2cn,4
252,2021/06/23,18:15:50,cn2en,5
259,2021/06/23,18:15:53,cn2en,6
261,2021/06/23,18:16:01,en2cn,4
267,2021/06/23,18:16:12,en2cn,3
253,2021/06/23,18:16:21,en2cn,4
249,2021/06/23,18:16:26,cn2en,5
249,2021/06/23,18:16:28,en2cn,5
263,2021/06/23,18:16:32,cn2en,6
258,2021/06/23,18:16:35,en2cn,6
276,2021/06/23,18:16:43,cn2en,6
263,2021/06/23,18:16:49,en2cn,6
277,2021/06/23,18:16:55,cn2en,6
245,2021/06/23,18:17:01,en2cn,6
268,2021/06/23,18:17:11,cn2en,5
243,2021/06/23,18:17:17,en2cn,3
275,2021/06/23,18:17:58,en2cn,5
257,2021/06/23,18:18:03,cn2en,6
272,2021/06/23,18:18:10,en2cn,5
243,2021/06/23,18:18:14,cn2en,6
270,2021/06/23,18:18:34,cn2en,4
256,2021/06/23,18:18:42,cn2en,5
276,2021/06/23,18:18:47,en2cn,6
268,2021/06/23,18:18:49,en2cn,6
267,2021/06/23,18:18:52,cn2en,6
245,2021/06/23,18:18:58,cn2en,6
274,2021/06/23,18:19:01,cn2en,6
262,2021/06/23,18:19:06,cn2en,6
247,2021/06/23,18:19:17,cn2en,4
273,2021/06/23,18:19:30,cn2en,3
244,2021/06/23,18:19:34,en2cn,5
251,2021/06/23,18:19:41,en2cn,5
260,2021/06/23,18:19:44,cn2en,6
273,2021/06/23,18:19:48,en2cn,6
246,2021/06/23,18:19:52,cn2en,6
266,2021/06/23,18:19:58,en2cn,5
266,2021/06/23,18:20:01,cn2en,5
258,2021/06/23,18:20:03,cn2en,6
269,2021/06/23,18:20:07,cn2en,6
277,2021/06/23,18:20:10,en2cn,6
254,2021/06/23,18:20:12,en2cn,6
270,2021/06/23,18:20:17,en2cn,5
248,2021/06/23,18:20:24,en2cn,5
244,2021/06/23,18:20:27,cn2en,6
260,2021/06/23,18:20:30,en2cn,6
250,2021/06/23,18:20:37,en2cn,5
261,2021/06/23,18:20:42,cn2en,6
248,2021/06/23,18:20:44,cn2en,6
252,2021/06/23,18:20:49,en2cn,6
256,2021/06/23,18:20:52,en2cn,6
290,2021/06/23,18:22:31,en2cn,2
296,2021/06/23,18:22:36,en2cn,5
291,2021/06/23,18:22:48,cn2en,2
293,2021/06/23,18:22:59,en2cn,4
283,2021/06/23,18:23:30,cn2en,2
290,2021/06/23,18:23:39,cn2en,2
283,2021/06/23,18:23:48,en2cn,4
281,2021/06/23,18:23:55,cn2en,3
279,2021/06/23,18:24:01,cn2en,3
295,2021/06/23,18:24:09,cn2en,3
284,2021/06/23,18:24:39,en2cn,5
280,2021/06/23,18:24:48,en2cn,5
286,2021/06/23,18:24:53,en2cn,5
292,2021/06/23,18:25:02,en2cn,3
293,2021/06/23,18:25:05,cn2en,6
301,2021/06/23,18:25:10,en2cn,5
281,2021/06/23,18:25:13,en2cn,5
285,2021/06/23,18:25:19,en2cn,5
282,2021/06/23,18:25:25,cn2en,5
301,2021/06/23,18:25:27,cn2en,6
300,2021/06/23,18:25:30,cn2en,6
300,2021/06/23,18:25:31,en2cn,6
297,2021/06/23,18:25:41,cn2en,4
294,2021/06/23,18:25:45,cn2en,6
285,2021/06/23,18:25:47,cn2en,6
278,2021/06/23,18:25:50,cn2en,6
288,2021/06/23,18:26:01,cn2en,3
298,2021/06/23,18:26:10,en2cn,4
299,2021/06/23,18:26:21,en2cn,4
289,2021/06/23,18:26:33,cn2en,5
279,2021/06/23,18:26:37,en2cn,6
287,2021/06/23,18:26:44,cn2en,6
296,2021/06/23,18:26:47,cn2en,6
299,2021/06/23,18:26:50,cn2en,6
294,2021/06/23,18:26:53,en2cn,6
286,2021/06/23,18:26:55,cn2en,6
295,2021/06/23,18:26:58,en2cn,6
287,2021/06/23,18:27:00,en2cn,6
280,2021/06/23,18:27:03,cn2en,6
278,2021/06/23,18:27:06,en2cn,6
297,2021/06/23,18:27:11,en2cn,6
282,2021/06/23,18:27:14,en2cn,6
284,2021/06/23,18:27:16,cn2en,6
291,2021/06/23,18:27:18,en2cn,6
292,2021/06/23,18:27:21,cn2en,5
298,2021/06/23,18:27:24,cn2en,6
289,2021/06/23,18:27:27,en2cn,6
302,2021/06/23,18:27:34,cn2en,6
288,2021/06/23,18:27:37,en2cn,6
302,2021/06/23,18:27:39,en2cn,5
338,2021/07/18,09:02:32,cn2en,4
339,2021/07/18,09:02:46,cn2en,5
335,2021/07/18,09:02:55,en2cn,3
305,2021/07/18,09:03:06,cn2en,5
342,2021/07/18,09:03:22,cn2en,5
307,2021/07/18,09:03:46,cn2en,3
334,2021/07/18,09:04:03,en2cn,3
330,2021/07/18,09:04:09,en2cn,6
344,2021/07/18,09:04:34,en2cn,3
303,2021/07/18,09:04:47,cn2en,5
304,2021/07/18,09:05:05,en2cn,3
327,2021/07/18,09:05:23,en2cn,1
306,2021/07/18,09:05:38,cn2en,3
340,2021/07/18,09:05:56,en2cn,4
313,2021/07/18,09:06:16,cn2en,3
332,2021/07/18,09:06:34,en2cn,3
340,2021/07/18,09:06:44,cn2en,5
311,2021/07/18,09:06:49,en2cn,6
307,2021/07/18,09:07:01,en2cn,5
343,2021/07/18,09:07:13,en2cn,5
323,2021/07/18,09:07:29,en2cn,3
345,2021/07/18,09:07:45,en2cn,3
316,2021/07/18,09:08:27,cn2en,2
323,2021/07/18,09:08:38,cn2en,4
305,2021/07/18,09:08:42,en2cn,5
331,2021/07/18,09:09:02,en2cn,3
341,2021/07/18,09:09:23,en2cn,4
324,2021/07/18,09:09:53,en2cn,1
344,2021/07/18,09:10:04,cn2en,5
303,2021/07/18,09:10:08,en2cn,6
308,2021/07/18,09:10:15,en2cn,3
317,2021/07/18,09:10:31,en2cn,3
331,2021/07/18,09:10:35,cn2en,5
317,2021/07/18,09:10:40,cn2en,5
319,2021/07/18,09:10:53,en2cn,5
337,2021/07/18,09:11:29,cn2en,2
326,2021/07/18,09:11:57,en2cn,1
342,2021/07/18,09:12:01,en2cn,6
318,2021/07/18,09:12:11,en2cn,6
338,2021/07/18,09:12:15,en2cn,6
327,2021/07/18,09:12:26,cn2en,2
326,2021/07/18,09:12:36,cn2en,4
319,2021/07/18,09:12:40,cn2en,5
336,2021/07/18,09:12:44,en2cn,6
335,2021/07/18,09:12:48,cn2en,6
310,2021/07/18,09:12:54,en2cn,3
330,2021/07/18,09:12:57,cn2en,6
311,2021/07/18,09:12:59,cn2en,6
343,2021/07/18,09:13:01,cn2en,6
320,2021/07/18,09:13:07,en2cn,6
325,2021/07/18,09:13:34,cn2en,3
312,2021/07/18,09:13:50,cn2en,2
309,2021/07/18,09:13:59,cn2en,5
315,2021/07/18,09:14:39,en2cn,2
316,2021/07/18,09:14:56,en2cn,4
328,2021/07/18,09:15:00,cn2en,5
322,2021/07/18,09:15:08,en2cn,5
329,2021/07/18,09:15:26,en2cn,4
318,2021/07/18,09:15:43,cn2en,6
304,2021/07/18,09:15:48,cn2en,6
312,2021/07/18,09:15:52,en2cn,6
336,2021/07/18,09:15:56,cn2en,6
334,2021/07/18,09:16:00,cn2en,6
306,2021/07/18,09:16:08,en2cn,6
333,2021/07/18,09:16:20,cn2en,3
315,2021/07/18,09:16:24,cn2en,6
337,2021/07/18,09:16:30,en2cn,5
324,2021/07/18,09:18:12,cn2en,2
345,2021/07/18,09:18:15,cn2en,5
328,2021/07/18,09:18:17,en2cn,6
322,2021/07/18,09:18:20,cn2en,6
308,2021/07/18,09:18:26,cn2en,6
313,2021/07/18,09:18:28,en2cn,6
309,2021/07/18,09:18:30,en2cn,6
320,2021/07/18,09:18:34,cn2en,6
333,2021/07/18,09:18:37,en2cn,6
314,2021/07/18,09:19:21,en2cn,3
321,2021/07/18,09:19:45,cn2en,2
329,2021/07/18,09:19:49,cn2en,5
332,2021/07/18,09:20:14,cn2en,4
310,2021/07/18,09:20:18,cn2en,6
325,2021/07/18,09:20:23,en2cn,5
321,2021/07/18,09:20:31,en2cn,4
314,2021/07/18,09:20:39,cn2en,6
339,2021/07/18,09:20:45,en2cn,6
341,2021/07/18,09:20:53,cn2en,6
362,2021/07/18,09:23:02,cn2en,3
366,2021/07/18,09:23:16,cn2en,4
363,2021/07/18,09:23:34,en2cn,4
346,2021/07/18,09:23:55,en2cn,1
369,2021/07/18,09:24:16,en2cn,1
365,2021/07/18,09:24:33,en2cn,2
369,2021/07/18,09:24:50,cn2en,2
350,2021/07/18,09:24:57,cn2en,5
364,2021/07/18,09:25:11,cn2en,4
358,2021/07/18,09:25:17,cn2en,6
367,2021/07/18,09:25:25,cn2en,6
362,2021/07/18,09:25:35,en2cn,6
363,2021/07/18,09:25:40,cn2en,5
349,2021/07/18,09:25:46,en2cn,5
347,2021/07/18,09:26:18,cn2en,3
360,2021/07/18,09:26:25,en2cn,5
368,2021/07/18,09:26:43,cn2en,4
348,2021/07/18,09:26:51,cn2en,3
361,2021/07/18,09:27:19,cn2en,4
351,2021/07/18,09:27:50,en2cn,3
355,2021/07/18,09:27:56,en2cn,5
346,2021/07/18,09:28:17,cn2en,1
355,2021/07/18,09:28:19,cn2en,6
370,2021/07/18,09:28:26,cn2en,5
364,2021/07/18,09:28:33,en2cn,6
365,2021/07/18,09:28:37,cn2en,6
352,2021/07/18,09:28:49,en2cn,5
347,2021/07/18,09:28:58,en2cn,5
366,2021/07/18,09:29:02,en2cn,6
367,2021/07/18,09:29:05,en2cn,6
361,2021/07/18,09:29:14,en2cn,5
348,2021/07/18,09:29:16,en2cn,5
368,2021/07/18,09:30:53,en2cn,4
358,2021/07/18,09:30:59,en2cn,5
354,2021/07/18,09:31:12,cn2en,2
356,2021/07/18,09:31:15,en2cn,6
353,2021/07/18,09:31:21,cn2en,6
351,2021/07/18,09:31:25,cn2en,6
353,2021/07/18,09:31:28,en2cn,6
360,2021/07/18,09:31:32,cn2en,6
359,2021/07/18,09:31:48,cn2en,1
359,2021/07/18,09:31:55,en2cn,1
350,2021/07/18,09:32:04,en2cn,3
349,2021/07/18,09:32:06,cn2en,6
370,2021/07/18,09:32:09,en2cn,6
357,2021/07/18,09:32:30,en2cn,2
352,2021/07/18,09:32:33,cn2en,5
357,2021/07/18,09:32:37,cn2en,2
354,2021/07/18,09:32:48,en2cn,3
356,2021/07/18,09:32:50,cn2en,6
381,2021/07/19,22:39:30,cn2en,2
393,2021/07/19,22:39:41,cn2en,5
380,2021/07/19,22:39:45,en2cn,5
380,2021/07/19,22:39:48,cn2en,5
386,2021/07/19,22:40:00,en2cn,5
395,2021/07/19,22:40:12,en2cn,3
378,2021/07/19,22:40:28,cn2en,1
393,2021/07/19,22:40:33,en2cn,6
387,2021/07/19,22:40:43,en2cn,3
386,2021/07/19,22:40:47,cn2en,6
376,2021/07/19,22:41:02,en2cn,2
391,2021/07/19,22:41:20,en2cn,3
385,2021/07/19,22:41:50,cn2en,4
394,2021/07/19,22:42:08,cn2en,3
395,2021/07/19,22:42:12,cn2en,5
373,2021/07/19,22:42:56,cn2en,3
383,2021/07/19,22:43:09,en2cn,3
385,2021/07/19,22:43:14,en2cn,5
394,2021/07/19,22:43:19,en2cn,5
387,2021/07/19,22:43:22,cn2en,6
381,2021/07/19,22:43:26,en2cn,6
383,2021/07/19,22:43:37,cn2en,5
376,2021/07/19,22:43:44,cn2en,4
374,2021/07/19,22:43:49,cn2en,5
389,2021/07/19,22:44:04,en2cn,3
388,2021/07/19,22:44:07,cn2en,6
392,2021/07/19,22:44:13,en2cn,5
390,2021/07/19,22:44:22,en2cn,6
372,2021/07/19,22:44:29,cn2en,1
377,2021/07/19,22:44:40,cn2en,4
389,2021/07/19,22:44:44,cn2en,5
375,2021/07/19,22:45:04,cn2en,3
382,2021/07/19,22:45:09,en2cn,5
390,2021/07/19,22:45:13,cn2en,6
379,2021/07/19,22:45:21,en2cn,5
374,2021/07/19,22:45:25,en2cn,6
371,2021/07/19,22:45:30,en2cn,6
379,2021/07/19,22:45:38,cn2en,5
384,2021/07/19,22:45:46,en2cn,1
384,2021/07/19,22:45:52,cn2en,1
392,2021/07/19,22:45:55,cn2en,5
373,2021/07/19,22:45:58,en2cn,6
375,2021/07/19,22:46:01,en2cn,6
377,2021/07/19,22:46:10,en2cn,4
382,2021/07/19,22:46:12,cn2en,6
372,2021/07/19,22:46:15,en2cn,6
378,2021/07/19,22:46:23,en2cn,4
391,2021/07/19,22:46:27,cn2en,6
371,2021/07/19,22:46:29,cn2en,6
388,2021/07/19,22:46:31,en2cn,6
442,2021/07/24,11:32:36,en2cn,1
404,2021/07/24,11:32:47,en2cn,4
396,2021/07/24,11:32:52,cn2en,6
431,2021/07/24,11:33:05,en2cn,2
444,2021/07/24,11:33:24,cn2en,1
415,2021/07/24,11:33:51,en2cn,2
401,2021/07/24,11:33:56,cn2en,5
435,2021/07/24,11:34:07,cn2en,2
418,2021/07/24,11:34:19,cn2en,5
408,2021/07/24,11:34:23,cn2en,6
401,2021/07/24,11:34:26,en2cn,6
420,2021/07/24,11:34:39,en2cn,1
433,2021/07/24,11:34:48,en2cn,4
398,2021/07/24,11:34:55,en2cn,6
405,2021/07/24,11:35:16,cn2en,5
403,2021/07/24,11:35:30,en2cn,3
442,2021/07/24,11:35:39,cn2en,2
430,2021/07/24,11:36:00,cn2en,2
444,2021/07/24,11:36:14,en2cn,2
439,2021/07/24,11:36:29,en2cn,3
407,2021/07/24,11:36:37,cn2en,4
413,2021/07/24,11:36:59,cn2en,2
419,2021/07/24,11:37:11,en2cn,1
408,2021/07/24,11:37:14,en2cn,6
425,2021/07/24,11:37:34,cn2en,1
436,2021/07/24,11:37:47,en2cn,3
414,2021/07/24,11:38:01,cn2en,3
439,2021/07/24,11:38:05,cn2en,5
397,2021/07/24,11:38:11,cn2en,6
423,2021/07/24,11:38:30,cn2en,1
409,2021/07/24,11:38:34,cn2en,5
429,2021/07/24,11:38:46,en2cn,4
412,2021/07/24,11:38:54,cn2en,3
445,2021/07/24,11:39:13,cn2en,1
426,2021/07/24,11:39:26,en2cn,2
403,2021/07/24,11:39:29,cn2en,6
417,2021/07/24,11:39:41,en2cn,3
406,2021/07/24,11:39:47,en2cn,6
413,2021/07/24,11:39:58,en2cn,5
445,2021/07/24,11:40:04,en2cn,4
412,2021/07/24,11:40:07,en2cn,6
437,2021/07/24,11:40:18,cn2en,3
400,2021/07/24,11:40:32,en2cn,4
435,2021/07/24,11:40:44,en2cn,5
430,2021/07/24,11:41:01,en2cn,2
397,2021/07/24,11:41:05,en2cn,6
438,2021/07/24,11:41:15,cn2en,1
415,2021/07/24,11:41:34,cn2en,4
429,2021/07/24,11:41:37,cn2en,6
407,2021/07/24,11:41:40,en2cn,6
402,2021/07/24,11:41:52,en2cn,6
428,2021/07/24,11:42:06,cn2en,1
434,2021/07/24,11:42:30,cn2en,1
410,2021/07/24,11:42:37,en2cn,3
398,2021/07/24,11:42:41,cn2en,6
432,2021/07/24,11:42:54,en2cn,2
418,2021/07/24,11:43:03,en2cn,5
404,2021/07/24,11:43:18,cn2en,3
421,2021/07/24,11:43:26,en2cn,3
416,2021/07/24,11:43:45,en2cn,2
399,2021/07/24,11:43:50,cn2en,6
428,2021/07/24,11:43:58,en2cn,1
422,2021/07/24,11:44:03,cn2en,6
406,2021/07/24,11:44:06,cn2en,6
432,2021/07/24,11:44:11,cn2en,5
424,2021/07/24,11:44:33,cn2en,1
427,2021/07/24,11:44:44,cn2en,3
427,2021/07/24,11:44:48,en2cn,4
411,2021/07/24,11:45:05,cn2en,5
441,2021/07/24,11:45:19,en2cn,3
424,2021/07/24,11:45:24,en2cn,4
414,2021/07/24,11:45:29,en2cn,5
437,2021/07/24,11:45:37,en2cn,5
443,2021/07/24,11:45:51,en2cn,4
438,2021/07/24,11:46:08,en2cn,1
434,2021/07/24,11:46:25,en2cn,3
422,2021/07/24,11:46:30,en2cn,3
426,2021/07/24,11:46:38,cn2en,5
405,2021/07/24,11:46:43,en2cn,5
409,2021/07/24,11:46:47,en2cn,6
399,2021/07/24,11:46:50,en2cn,6
410,2021/07/24,11:46:53,cn2en,6
417,2021/07/24,11:46:57,cn2en,6
423,2021/07/24,11:47:02,en2cn,1
400,2021/07/24,11:47:05,cn2en,6
396,2021/07/24,11:47:08,en2cn,6
402,2021/07/24,11:47:11,cn2en,6
416,2021/07/24,11:47:25,cn2en,4
425,2021/07/24,11:47:35,en2cn,4
421,2021/07/24,11:47:38,cn2en,6
419,2021/07/24,11:47:44,cn2en,1
433,2021/07/24,11:47:47,cn2en,6
441,2021/07/24,11:47:52,cn2en,5
443,2021/07/24,11:47:56,cn2en,5
440,2021/07/24,11:48:03,cn2en,3
440,2021/07/24,11:48:09,en2cn,4
420,2021/07/24,11:48:17,cn2en,3
411,2021/07/24,11:48:21,en2cn,6
431,2021/07/24,11:48:25,cn2en,5
436,2021/07/24,11:48:36,cn2en,3
467,2021/07/24,13:09:05,cn2en,1
452,2021/07/24,17:14:02,cn2en,6
449,2021/07/24,17:14:11,en2cn,1
470,2021/07/24,17:14:33,en2cn,1
458,2021/07/24,17:14:42,en2cn,3
465,2021/07/24,17:14:46,cn2en,5
459,2021/07/24,17:14:57,cn2en,2
459,2021/07/24,17:15:01,en2cn,4
446,2021/07/24,17:15:08,cn2en,3
456,2021/07/24,17:15:15,en2cn,3
460,2021/07/24,17:15:28,en2cn,1
458,2021/07/24,17:15:31,cn2en,6
455,2021/07/24,17:15:44,cn2en,1
470,2021/07/24,17:16:02,cn2en,2
457,2021/07/24,17:16:12,en2cn,1
448,2021/07/24,17:16:24,en2cn,1
449,2021/07/24,17:16:32,cn2en,2
450,2021/07/24,17:16:48,en2cn,2
446,2021/07/24,17:16:52,en2cn,5
468,2021/07/24,17:17:03,cn2en,1
456,2021/07/24,17:17:13,cn2en,3
457,2021/07/24,17:17:25,cn2en,2
461,2021/07/24,17:17:39,cn2en,2
465,2021/07/24,17:17:43,en2cn,5
460,2021/07/24,17:17:50,cn2en,4
454,2021/07/24,17:18:02,en2cn,1
462,2021/07/24,17:18:12,en2cn,1
447,2021/07/24,17:18:21,cn2en,3
461,2021/07/24,17:18:28,en2cn,4
467,2021/07/24,17:18:35,en2cn,1
468,2021/07/24,17:18:39,en2cn,4
453,2021/07/24,17:18:50,cn2en,4
469,2021/07/24,17:19:01,en2cn,1
448,2021/07/24,17:19:09,cn2en,1
452,2021/07/24,17:19:16,en2cn,5
463,2021/07/24,17:19:20,en2cn,6
447,2021/07/24,17:19:24,en2cn,5
466,2021/07/24,17:19:38,cn2en,4
464,2021/07/24,17:19:50,en2cn,1
469,2021/07/24,17:20:03,cn2en,1
453,2021/07/24,17:20:13,en2cn,4
454,2021/07/24,17:20:19,cn2en,1
450,2021/07/24,17:20:24,cn2en,5
464,2021/07/24,17:20:28,cn2en,5
455,2021/07/24,17:20:33,en2cn,1
451,2021/07/24,17:20:46,cn2en,1
463,2021/07/24,17:20:49,cn2en,6
462,2021/07/24,17:20:52,cn2en,5
451,2021/07/24,17:20:57,en2cn,4
466,2021/07/24,17:21:00,en2cn,6
486,2021/09/20,21:44:58,en2cn,1
481,2021/09/20,21:45:08,en2cn,3
493,2021/09/20,21:45:28,cn2en,3
472,2021/09/20,21:45:46,cn2en,2
471,2021/09/20,21:46:15,en2cn,1
475,2021/09/20,21:46:36,en2cn,2
482,2021/09/20,21:46:53,en2cn,3
484,2021/09/20,21:47:15,cn2en,3
491,2021/09/20,21:47:23,cn2en,5
477,2021/09/20,21:47:42,cn2en,2
475,2021/09/20,21:47:52,cn2en,4
497,2021/09/20,21:48:09,cn2en,2
479,2021/09/20,21:48:14,cn2en,6
495,2021/09/20,21:48:25,en2cn,3
472,2021/09/20,21:48:33,en2cn,4
486,2021/09/20,21:48:54,cn2en,3
477,2021/09/20,21:49:04,en2cn,3
479,2021/09/20,21:49:06,en2cn,6
487,2021/09/20,21:49:19,cn2en,4
473,2021/09/20,21:49:38,cn2en,4
492,2021/09/20,21:49:55,en2cn,1
480,2021/09/20,21:50:14,en2cn,1
482,2021/09/20,21:50:25,cn2en,4
493,2021/09/20,21:50:35,en2cn,4
491,2021/09/20,21:50:38,en2cn,5
495,2021/09/20,21:50:49,cn2en,2
490,2021/09/20,21:51:34,cn2en,1
476,2021/09/20,21:51:40,en2cn,2
496,2021/09/20,21:51:52,cn2en,4
478,2021/09/20,21:52:09,en2cn,3
489,2021/09/20,21:52:25,en2cn,2
476,2021/09/20,21:52:28,cn2en,4
483,2021/09/20,21:52:37,en2cn,3
497,2021/09/20,21:52:48,en2cn,4
496,2021/09/20,21:52:52,en2cn,5
487,2021/09/20,21:52:57,en2cn,4
494,2021/09/20,21:53:24,cn2en,1
490,2021/09/20,21:53:44,en2cn,1
483,2021/09/20,21:53:48,cn2en,5
488,2021/09/20,21:53:59,en2cn,3
473,2021/09/20,21:54:10,en2cn,5
488,2021/09/20,21:54:15,cn2en,4
478,2021/09/20,21:54:23,cn2en,5
485,2021/09/20,21:54:29,cn2en,3
489,2021/09/20,21:54:43,cn2en,3
484,2021/09/20,21:55:16,en2cn,3
492,2021/09/20,21:55:21,cn2en,1
480,2021/09/20,21:56:05,cn2en,2
481,2021/09/20,21:56:11,cn2en,4
471,2021/09/20,21:56:20,cn2en,3
474,2021/09/20,21:56:36,cn2en,1
494,2021/09/20,21:56:41,en2cn,1
474,2021/09/20,21:56:44,en2cn,1
485,2021/09/20,21:56:47,en2cn,5
498,2021/09/21,08:32:41,cn2en,4
515,2021/09/21,08:32:53,cn2en,3
503,2021/09/21,08:33:03,cn2en,4
501,2021/09/21,08:33:14,cn2en,5
509,2021/09/21,08:33:27,cn2en,3
514,2021/09/21,08:33:52,cn2en,2
505,2021/09/21,08:34:04,cn2en,1
509,2021/09/21,08:34:07,en2cn,5
500,2021/09/21,08:34:23,en2cn,1
510,2021/09/21,08:34:54,en2cn,1
511,2021/09/21,08:35:04,en2cn,1
511,2021/09/21,08:35:15,cn2en,2
507,2021/09/21,08:35:45,cn2en,1
498,2021/09/21,08:35:51,en2cn,5
508,2021/09/21,08:36:09,en2cn,1
512,2021/09/21,08:36:22,cn2en,2
499,2021/09/21,08:36:34,cn2en,2
516,2021/09/21,08:36:45,en2cn,2
515,2021/09/21,08:36:52,en2cn,4
510,2021/09/21,08:37:01,cn2en,4
506,2021/09/21,08:37:15,cn2en,2
500,2021/09/21,08:37:27,cn2en,1
512,2021/09/21,08:37:40,en2cn,2
516,2021/09/21,08:37:45,cn2en,4
504,2021/09/21,08:38:03,en2cn,3
505,2021/09/21,08:38:17,en2cn,1
502,2021/09/21,08:38:37,cn2en,1
507,2021/09/21,08:38:52,en2cn,1
499,2021/09/21,08:38:56,en2cn,5
513,2021/09/21,08:39:27,cn2en,1
508,2021/09/21,08:39:36,cn2en,1
504,2021/09/21,08:39:52,cn2en,4
513,2021/09/21,08:40:01,en2cn,2
501,2021/09/21,08:40:08,en2cn,5
514,2021/09/21,08:40:22,en2cn,2
503,2021/09/21,08:40:34,en2cn,4
506,2021/09/21,08:40:46,en2cn,2
502,2021/09/21,08:40:59,en2cn,1
525,2021/09/26,20:40:32,cn2en,1
523,2021/09/26,20:40:49,cn2en,1
526,2021/09/26,20:41:01,en2cn,1
540,2021/09/26,20:41:24,cn2en,4
541,2021/09/26,20:41:37,en2cn,1
534,2021/09/26,20:42:02,cn2en,1
544,2021/09/26,20:42:12,en2cn,3
533,2021/09/26,20:42:27,cn2en,2
520,2021/09/26,20:42:38,cn2en,2
518,2021/09/26,20:42:46,en2cn,3
538,2021/09/26,20:42:55,en2cn,3
540,2021/09/26,20:43:02,en2cn,5
517,2021/09/26,20:43:19,cn2en,1
542,2021/09/26,20:43:28,cn2en,5
535,2021/09/26,20:43:33,cn2en,5
538,2021/09/26,20:43:38,cn2en,5
524,2021/09/26,20:43:54,en2cn,1
539,2021/09/26,20:44:06,cn2en,3
543,2021/09/26,20:44:19,cn2en,1
533,2021/09/26,20:44:33,en2cn,4
527,2021/09/26,20:44:54,en2cn,1
526,2021/09/26,20:45:09,cn2en,4
529,2021/09/26,20:45:22,cn2en,2
525,2021/09/26,20:45:43,en2cn,1
544,2021/09/26,20:46:19,cn2en,5
531,2021/09/26,20:46:31,cn2en,1
517,2021/09/26,20:46:46,en2cn,1
529,2021/09/26,20:47:51,en2cn,3
543,2021/09/26,20:47:59,en2cn,4
523,2021/09/26,20:48:11,en2cn,2
521,2021/09/26,20:48:19,en2cn,1
522,2021/09/26,20:48:32,en2cn,2
537,2021/09/26,20:48:44,cn2en,4
532,2021/09/26,20:49:06,cn2en,1
530,2021/09/26,20:49:23,en2cn,1
536,2021/09/26,20:49:38,cn2en,4
522,2021/09/26,20:49:43,cn2en,4
519,2021/09/26,20:49:57,en2cn,1
534,2021/09/26,20:50:10,en2cn,2
520,2021/09/26,20:50:15,en2cn,5
530,2021/09/26,20:50:30,cn2en,1
542,2021/09/26,20:50:40,en2cn,4
541,2021/09/26,20:51:41,cn2en,2
521,2021/09/26,20:51:49,cn2en,3
519,2021/09/26,20:52:04,cn2en,1
537,2021/09/26,20:52:08,en2cn,5
518,2021/09/26,20:52:14,cn2en,5
535,2021/09/26,20:52:18,en2cn,5
531,2021/09/26,20:52:31,en2cn,1
536,2021/09/26,20:52:39,en2cn,3
528,2021/09/26,20:52:55,en2cn,1
539,2021/09/26,20:53:00,en2cn,4
528,2021/09/26,20:53:07,cn2en,4
524,2021/09/26,20:53:39,cn2en,1
527,2021/09/26,20:53:54,cn2en,4
532,2021/09/26,20:54:00,en2cn,1
550,2021/09/26,20:54:36,cn2en,4
553,2021/09/26,20:54:43,en2cn,3
557,2021/09/26,20:54:47,en2cn,5
552,2021/09/26,20:55:12,cn2en,1
556,2021/09/26,20:55:15,cn2en,6
545,2021/09/26,20:55:24,en2cn,5
562,2021/09/26,20:55:33,en2cn,4
550,2021/09/26,20:55:37,en2cn,5
558,2021/09/26,20:55:57,cn2en,1
564,2021/09/26,20:56:05,cn2en,4
553,2021/09/26,20:56:11,cn2en,5
560,2021/09/26,20:56:22,cn2en,3
545,2021/09/26,20:56:25,cn2en,5
547,2021/09/26,20:56:41,en2cn,1
555,2021/09/26,20:56:54,cn2en,1
554,2021/09/26,20:57:03,cn2en,3
547,2021/09/26,20:57:14,cn2en,1
559,2021/09/26,20:57:24,en2cn,3
552,2021/09/26,20:57:41,en2cn,1
561,2021/09/26,20:58:05,en2cn,1
564,2021/09/26,20:58:09,en2cn,5
549,2021/09/26,20:58:29,cn2en,4
563,2021/09/26,20:59:02,en2cn,1
561,2021/09/26,20:59:20,cn2en,1
562,2021/09/26,20:59:26,cn2en,5
551,2021/09/26,20:59:37,cn2en,4
548,2021/09/26,20:59:45,en2cn,5
558,2021/09/26,20:59:58,en2cn,1
563,2021/09/26,21:00:12,cn2en,4
548,2021/09/26,21:00:15,cn2en,5
559,2021/09/26,21:00:22,cn2en,6
560,2021/09/26,21:00:30,en2cn,5
546,2021/09/26,21:00:43,en2cn,2
551,2021/09/26,21:01:11,en2cn,4
555,2021/09/26,21:01:28,en2cn,1
554,2021/09/26,21:01:35,en2cn,4
556,2021/09/26,21:01:39,en2cn,6
557,2021/09/26,21:01:41,cn2en,6
549,2021/09/26,21:01:52,en2cn,4
546,2021/09/26,21:02:06,cn2en,3
571,2021/09/26,21:03:15,en2cn,5
582,2021/09/26,21:03:28,en2cn,3
570,2021/09/26,21:03:45,cn2en,2
566,2021/09/26,21:03:58,cn2en,3
573,2021/09/26,21:04:04,cn2en,5
565,2021/09/26,21:04:14,cn2en,5
582,2021/09/26,21:04:17,cn2en,5
581,2021/09/26,21:04:28,cn2en,3
575,2021/09/26,21:04:34,en2cn,4
568,2021/09/26,21:04:40,cn2en,4
567,2021/09/26,21:04:56,cn2en,3
577,2021/09/26,21:05:12,en2cn,3
569,2021/09/26,21:05:23,en2cn,3
576,2021/09/26,21:28:44,cn2en,3
579,2021/09/26,21:28:48,en2cn,5
568,2021/09/26,21:28:51,en2cn,5
571,2021/09/26,21:43:56,cn2en,5
572,2021/09/26,21:44:13,en2cn,4
574,2021/09/26,21:44:31,cn2en,3
565,2021/09/26,21:44:39,en2cn,4
584,2021/09/26,21:44:43,cn2en,5
577,2021/09/26,21:44:49,cn2en,5
570,2021/09/26,21:45:02,en2cn,4
581,2021/09/26,21:45:05,en2cn,5
566,2021/09/26,21:45:12,en2cn,4
580,2021/09/26,21:45:20,en2cn,5
575,2021/09/26,21:45:23,cn2en,5
569,2021/09/26,21:45:26,cn2en,5
576,2021/09/26,21:45:34,en2cn,4
584,2021/09/26,21:45:37,en2cn,5
583,2021/09/26,21:45:43,en2cn,1
574,2021/09/26,21:45:48,en2cn,4
572,2021/09/26,21:45:51,cn2en,5
578,2021/09/26,21:45:58,cn2en,3
567,2021/09/26,21:46:04,en2cn,4
580,2021/09/26,21:46:09,cn2en,4
573,2021/09/26,21:46:13,en2cn,6
578,2021/09/26,21:46:18,en2cn,4
583,2021/09/26,21:46:22,cn2en,1
579,2021/09/26,21:46:27,cn2en,5
590,2021/10/17,10:10:24,cn2en,1
595,2021/10/17,10:10:38,en2cn,1
600,2021/10/17,10:10:48,en2cn,1
599,2021/10/17,10:10:57,cn2en,4
594,2021/10/17,10:11:24,en2cn,1
599,2021/10/17,10:11:29,en2cn,5
587,2021/10/17,10:11:53,en2cn,3
588,2021/10/17,10:12:08,cn2en,3
601,2021/10/17,10:12:23,en2cn,2
586,2021/10/17,10:12:43,cn2en,2
589,2021/10/17,10:12:55,cn2en,2
593,2021/10/17,10:13:11,cn2en,2
588,2021/10/17,10:13:18,en2cn,4
600,2021/10/17,10:13:24,cn2en,4
590,2021/10/17,10:13:36,en2cn,3
591,2021/10/17,10:14:00,cn2en,1
585,2021/10/17,10:14:15,en2cn,1
595,2021/10/17,10:14:31,cn2en,1
597,2021/10/17,10:14:52,en2cn,1
589,2021/10/17,10:15:03,en2cn,4
593,2021/10/17,10:15:06,en2cn,4
587,2021/10/17,10:15:19,cn2en,3
596,2021/10/17,10:15:37,cn2en,2
592,2021/10/17,10:15:54,en2cn,2
592,2021/10/17,10:15:57,cn2en,4
594,2021/10/17,10:16:17,cn2en,3
585,2021/10/17,10:16:46,cn2en,1
602,2021/10/17,10:16:51,en2cn,5
601,2021/10/17,10:16:59,cn2en,4
598,2021/10/17,10:17:15,en2cn,3
591,2021/10/17,10:17:39,en2cn,1
602,2021/10/17,10:17:54,cn2en,3
597,2021/10/17,10:18:08,cn2en,4
596,2021/10/17,10:18:19,en2cn,5
586,2021/10/17,10:18:29,en2cn,5
598,2021/10/17,10:18:39,cn2en,5
5,2021/10/17,10:19:27,cn2en,6
70,2021/10/17,10:19:37,en2cn,3
38,2021/10/17,10:19:43,en2cn,6
95,2021/10/17,10:19:48,cn2en,6
57,2021/10/17,10:19:53,en2cn,6
46,2021/10/17,10:20:08,en2cn,4
81,2021/10/17,10:20:13,cn2en,6
4,2021/10/17,10:20:19,cn2en,6
115,2021/10/17,10:20:28,cn2en,6
171,2021/10/17,10:20:31,cn2en,6
26,2021/10/17,10:20:34,en2cn,6
18,2021/10/17,10:20:45,en2cn,6
84,2021/10/17,10:20:53,en2cn,6
144,2021/10/17,10:20:57,en2cn,6
110,2021/10/17,10:21:01,cn2en,6
45,2021/10/17,10:21:04,cn2en,6
48,2021/10/17,10:21:07,cn2en,6
71,2021/10/17,10:21:20,en2cn,5
161,2021/10/17,10:21:27,en2cn,6
29,2021/10/17,10:21:30,cn2en,6
19,2021/10/17,10:21:39,en2cn,6
87,2021/10/17,10:22:01,cn2en,6
119,2021/10/17,10:22:14,cn2en,6
59,2021/10/17,10:22:23,en2cn,5
11,2021/10/17,10:22:26,en2cn,6
170,2021/10/17,10:22:32,en2cn,6
36,2021/10/17,10:22:35,cn2en,6
41,2021/10/17,10:22:39,en2cn,6
47,2021/10/17,10:22:56,cn2en,3
27,2021/10/17,10:22:59,cn2en,6
31,2021/10/17,10:23:04,cn2en,6
93,2021/10/17,10:23:12,en2cn,6
24,2021/10/17,10:23:29,en2cn,6
30,2021/10/17,10:23:32,cn2en,6
149,2021/10/17,10:23:36,en2cn,6
15,2021/10/17,10:23:39,en2cn,6
72,2021/10/17,10:23:41,en2cn,6
31,2021/10/17,10:23:43,en2cn,6
56,2021/10/17,10:23:46,en2cn,6
96,2021/10/17,10:23:49,en2cn,6
117,2021/10/17,10:23:54,cn2en,6
85,2021/10/17,10:24:08,en2cn,4
13,2021/10/17,10:24:11,en2cn,6
19,2021/10/17,10:24:19,cn2en,6
58,2021/10/17,10:24:22,cn2en,6
47,2021/10/17,10:24:27,en2cn,6
25,2021/10/17,10:24:29,en2cn,6
163,2021/10/17,10:24:39,en2cn,3
159,2021/10/17,10:25:00,en2cn,3
124,2021/10/17,10:25:09,en2cn,6
2,2021/10/17,10:25:13,cn2en,6
7,2021/10/17,10:25:27,cn2en,6
74,2021/10/17,10:25:40,cn2en,6
91,2021/10/17,10:25:43,cn2en,6
124,2021/10/17,10:25:46,cn2en,6
116,2021/10/17,10:25:54,en2cn,6
40,2021/10/17,10:25:56,cn2en,6
67,2021/10/17,10:25:58,en2cn,6
100,2021/10/17,10:26:01,cn2en,6
59,2021/10/17,10:26:04,cn2en,6
14,2021/10/17,10:26:10,cn2en,6
68,2021/10/17,10:26:17,en2cn,6
52,2021/10/17,10:26:19,cn2en,6
16,2021/10/17,10:26:22,cn2en,6
94,2021/10/17,10:26:42,cn2en,2
17,2021/10/17,10:26:47,en2cn,6
28,2021/10/17,10:26:49,en2cn,6
61,2021/10/17,10:26:53,en2cn,6
87,2021/10/17,10:27:02,en2cn,6
42,2021/10/17,10:27:12,en2cn,6
112,2021/10/17,10:27:23,en2cn,3
143,2021/10/17,10:27:30,cn2en,5
80,2021/10/17,10:27:37,cn2en,6
110,2021/10/17,10:27:41,en2cn,6
51,2021/10/17,10:27:49,en2cn,6
112,2021/10/17,10:27:55,cn2en,5
22,2021/10/17,10:28:06,en2cn,3
108,2021/10/17,10:28:11,en2cn,6
25,2021/10/17,10:28:13,cn2en,6
37,2021/10/17,10:28:16,cn2en,6
10,2021/10/17,10:28:24,en2cn,6
60,2021/10/17,10:28:31,en2cn,6
67,2021/10/17,10:28:35,cn2en,6
100,2021/10/17,10:28:37,en2cn,6
158,2021/10/17,10:28:43,en2cn,6
77,2021/10/17,10:28:50,cn2en,6
90,2021/10/17,10:28:53,cn2en,6
62,2021/10/17,10:28:56,cn2en,6
8,2021/10/17,10:29:08,cn2en,4
88,2021/10/17,10:29:25,en2cn,2
49,2021/10/17,10:29:38,en2cn,3
28,2021/10/17,10:29:46,cn2en,6
139,2021/10/17,10:29:52,cn2en,6
62,2021/10/17,10:29:55,en2cn,6
97,2021/10/17,10:29:57,en2cn,6
106,2021/10/17,10:30:06,en2cn,6
123,2021/10/17,10:30:13,en2cn,6
12,2021/10/17,10:30:15,cn2en,6
93,2021/10/17,10:30:22,cn2en,6
137,2021/10/17,10:30:28,cn2en,6
120,2021/10/17,10:38:01,cn2en,6
17,2021/10/17,10:38:07,cn2en,6
6,2021/10/17,10:38:09,cn2en,6
50,2021/10/17,10:38:11,cn2en,6
169,2021/10/17,10:38:19,en2cn,6
103,2021/10/17,10:38:28,en2cn,6
163,2021/10/17,10:38:39,cn2en,6
23,2021/10/17,10:39:08,cn2en,3
85,2021/10/17,10:39:12,cn2en,6
42,2021/10/17,10:39:16,cn2en,6
18,2021/10/17,10:39:25,cn2en,6
77,2021/10/17,10:39:37,en2cn,6
66,2021/10/17,10:39:51,cn2en,6
153,2021/10/17,10:39:54,cn2en,6
48,2021/10/17,10:39:57,en2cn,6
58,2021/10/17,10:39:59,en2cn,6
36,2021/10/17,10:40:03,en2cn,6
83,2021/10/17,10:40:11,en2cn,6
106,2021/10/17,10:40:15,cn2en,6
76,2021/10/17,10:40:37,en2cn,3
125,2021/10/17,10:40:42,cn2en,6
92,2021/10/17,10:40:46,cn2en,6
104,2021/10/17,10:40:49,cn2en,6
139,2021/10/17,10:40:52,en2cn,6
147,2021/10/17,10:40:58,cn2en,6
69,2021/10/17,10:41:04,cn2en,6
34,2021/10/17,10:41:06,cn2en,6
109,2021/10/17,10:41:10,en2cn,6
84,2021/10/17,10:41:21,cn2en,6
111,2021/10/17,10:41:32,en2cn,6
170,2021/10/17,10:41:34,cn2en,6
152,2021/10/17,10:41:39,cn2en,6
65,2021/10/17,10:41:41,cn2en,6
161,2021/10/17,10:41:45,cn2en,6
21,2021/10/17,10:41:49,cn2en,6
69,2021/10/17,10:41:51,en2cn,6
162,2021/10/17,10:42:01,en2cn,5
86,2021/10/17,10:42:05,en2cn,6
165,2021/10/17,10:42:23,cn2en,3
133,2021/10/17,10:42:31,en2cn,6
169,2021/10/17,10:42:34,cn2en,6
20,2021/10/17,10:42:44,en2cn,6
172,2021/10/17,10:42:49,en2cn,6
86,2021/10/17,10:42:51,cn2en,6
14,2021/10/17,10:42:56,en2cn,6
38,2021/10/17,10:42:58,cn2en,6
174,2021/10/17,10:43:01,cn2en,6
82,2021/10/17,10:43:04,cn2en,6
46,2021/10/17,10:43:14,cn2en,6
50,2021/10/17,10:43:56,en2cn,6
99,2021/10/17,10:44:00,cn2en,6
101,2021/10/17,10:44:06,en2cn,6
4,2021/10/17,10:44:10,en2cn,6
72,2021/10/17,10:44:11,cn2en,6
78,2021/10/17,10:44:14,cn2en,6
90,2021/10/17,10:44:16,en2cn,6
45,2021/10/17,10:44:18,en2cn,6
40,2021/10/17,10:44:21,en2cn,6
65,2021/10/17,10:44:27,en2cn,6
26,2021/10/17,10:44:29,cn2en,6
56,2021/10/17,10:44:32,cn2en,6
123,2021/10/17,10:44:34,cn2en,6
128,2021/10/17,10:44:52,cn2en,6
119,2021/10/17,10:44:57,en2cn,6
27,2021/10/17,10:45:01,en2cn,6
105,2021/10/17,10:45:05,cn2en,6
32,2021/10/17,10:45:07,cn2en,6
57,2021/10/17,10:45:09,cn2en,6
171,2021/10/17,10:45:11,en2cn,6
3,2021/10/17,10:45:14,en2cn,6
74,2021/10/17,10:45:17,en2cn,6
89,2021/10/17,10:45:20,cn2en,6
143,2021/10/17,10:45:22,en2cn,6
61,2021/10/17,10:45:25,cn2en,6
83,2021/10/17,10:45:27,cn2en,6
126,2021/10/17,10:45:34,cn2en,6
12,2021/10/17,10:45:37,en2cn,6
152,2021/10/17,10:45:42,en2cn,6
127,2021/10/17,10:45:44,en2cn,6
39,2021/10/17,10:45:46,cn2en,6
11,2021/10/17,10:45:48,cn2en,6
13,2021/10/17,10:45:50,cn2en,6
51,2021/10/17,10:46:04,cn2en,5
68,2021/10/17,10:46:13,cn2en,6
16,2021/10/17,10:46:20,en2cn,6
71,2021/10/17,10:46:24,cn2en,6
121,2021/10/17,10:46:37,en2cn,3
133,2021/10/17,10:46:40,cn2en,6
108,2021/10/17,10:46:42,cn2en,6
154,2021/10/17,10:46:45,cn2en,6
80,2021/10/17,10:46:48,en2cn,6
140,2021/10/17,10:46:59,cn2en,5
60,2021/10/17,10:47:02,cn2en,6
30,2021/10/17,10:47:04,en2cn,6
33,2021/10/17,10:47:07,en2cn,6
82,2021/10/17,10:47:09,en2cn,6
134,2021/10/17,10:47:11,cn2en,6
122,2021/10/17,10:47:14,cn2en,6
134,2021/10/17,10:47:17,en2cn,6
156,2021/10/17,10:47:24,cn2en,6
34,2021/10/20,08:58:42,en2cn,6
75,2021/10/20,08:58:45,cn2en,6
89,2021/10/20,08:58:47,en2cn,6
174,2021/10/20,08:58:49,en2cn,6
97,2021/10/20,08:58:51,cn2en,6
22,2021/10/20,08:59:03,cn2en,4
9,2021/10/20,08:59:05,en2cn,6
135,2021/10/20,08:59:12,cn2en,6
9,2021/10/20,08:59:14,cn2en,6
101,2021/10/20,08:59:17,cn2en,6
6,2021/10/20,08:59:21,en2cn,6
156,2021/10/20,08:59:23,en2cn,6
79,2021/10/20,08:59:32,cn2en,6
39,2021/10/20,08:59:34,en2cn,6
118,2021/10/20,08:59:41,cn2en,2
29,2021/10/20,08:59:44,en2cn,6
109,2021/10/20,08:59:49,cn2en,6
81,2021/10/20,08:59:52,en2cn,6
136,2021/10/20,08:59:57,cn2en,5
107,2021/10/20,09:00:05,en2cn,4
99,2021/10/20,09:00:08,en2cn,6
41,2021/10/20,09:00:10,cn2en,6
21,2021/10/20,09:00:14,en2cn,6
35,2021/10/20,09:00:24,en2cn,4
66,2021/10/20,09:00:30,en2cn,6
102,2021/10/20,15:48:05,cn2en,1
150,2021/10/20,15:48:14,cn2en,5
43,2021/10/20,15:48:30,cn2en,2
145,2021/10/20,15:48:47,en2cn,3
187,2021/10/20,15:49:02,en2cn,2
148,2021/10/20,15:49:12,cn2en,4
129,2021/10/20,15:49:27,en2cn,3
53,2021/10/20,15:49:45,en2cn,2
207,2021/10/20,15:50:10,cn2en,3
173,2021/10/20,15:50:24,en2cn,3
140,2021/10/20,15:50:58,en2cn,3
131,2021/10/20,15:51:04,cn2en,4
146,2021/10/20,15:51:12,en2cn,4
291,2021/10/20,15:51:28,cn2en,2
321,2021/10/20,15:52:20,cn2en,4
435,2021/10/20,15:52:37,cn2en,3
337,2021/10/20,15:53:02,cn2en,2
444,2021/10/20,15:53:09,en2cn,5
316,2021/10/20,15:53:18,cn2en,1
413,2021/10/20,15:53:32,cn2en,1
206,2021/10/20,15:53:41,en2cn,1
431,2021/10/20,15:53:52,en2cn,1
43,2021/10/20,15:53:57,cn2en,4
290,2021/10/20,15:54:05,en2cn,3
312,2021/10/20,15:54:11,cn2en,5
290,2021/10/20,15:54:21,cn2en,2
472,2021/10/20,15:54:31,cn2en,4
94,2021/10/20,15:54:38,cn2en,3
426,2021/10/20,15:54:50,en2cn,3
470,2021/10/20,15:55:09,cn2en,4
54,2021/10/20,15:55:23,en2cn,3
207,2021/10/20,15:55:28,en2cn,5
187,2021/10/20,15:55:36,en2cn,4
53,2021/10/20,15:55:46,en2cn,4
283,2021/10/20,15:56:54,cn2en,2
442,2021/10/20,15:56:59,cn2en,4
365,2021/10/20,15:57:08,en2cn,1
416,2021/10/20,15:57:40,en2cn,3
324,2021/10/20,15:57:45,cn2en,4
94,2021/10/20,15:57:53,en2cn,4
526,2021/10/20,21:33:55,en2cn,4
524,2021/10/20,21:34:07,en2cn,4
486,2021/10/20,21:34:25,en2cn,3
247,2021/10/20,21:34:33,en2cn,4
494,2021/10/20,21:34:47,cn2en,1
434,2021/10/20,21:34:58,cn2en,1
148,2021/10/20,21:35:04,en2cn,4
316,2021/10/20,21:35:13,cn2en,2
467,2021/10/20,21:35:29,cn2en,1
442,2021/10/20,21:35:32,en2cn,4
508,2021/10/20,21:35:36,en2cn,5
324,2021/10/20,21:35:41,en2cn,4
372,2021/10/20,21:35:44,cn2en,5
102,2021/10/20,21:35:52,cn2en,1
346,2021/10/20,21:36:16,en2cn,1
378,2021/10/20,21:36:24,cn2en,4
597,2021/10/20,21:36:34,en2cn,1
531,2021/10/20,21:37:00,en2cn,1
455,2021/10/20,21:37:13,cn2en,1
359,2021/10/20,21:37:19,cn2en,4
451,2021/10/20,21:37:24,cn2en,5
500,2021/10/20,21:37:30,en2cn,4
438,2021/10/20,21:37:35,en2cn,4
431,2021/10/20,21:37:41,en2cn,1
326,2021/10/20,21:37:49,en2cn,4
454,2021/10/20,21:38:00,cn2en,2
462,2021/10/20,21:38:04,en2cn,5
508,2021/10/20,21:38:07,cn2en,5
534,2021/10/20,21:38:13,cn2en,5
420,2021/10/20,21:38:21,en2cn,4
199,2021/10/20,21:38:26,cn2en,5
206,2021/10/20,21:38:30,en2cn,4
558,2021/10/20,21:38:36,cn2en,5
469,2021/10/20,21:38:44,en2cn,1
468,2021/10/20,21:38:53,cn2en,1
413,2021/10/20,21:39:05,cn2en,4
419,2021/10/20,21:39:14,en2cn,4
423,2021/10/20,21:39:22,cn2en,4
423,2021/10/20,21:39:26,en2cn,4
454,2021/10/20,21:39:33,en2cn,1
467,2021/10/20,21:39:41,en2cn,4
419,2021/10/20,21:39:47,cn2en,4
424,2021/10/20,21:39:52,cn2en,5
369,2021/10/20,21:40:00,en2cn,3
547,2021/10/20,21:40:08,en2cn,1
507,2021/10/20,21:40:17,cn2en,1
384,2021/10/20,21:40:22,cn2en,4
445,2021/10/20,21:40:26,cn2en,4
464,2021/10/20,21:40:32,en2cn,5
502,2021/10/20,21:40:41,cn2en,1
470,2021/10/20,21:40:55,en2cn,4
448,2021/10/20,21:41:09,cn2en,1
525,2021/10/20,21:41:22,cn2en,1
365,2021/10/20,21:41:27,en2cn,4
346,2021/10/20,21:41:39,cn2en,4
460,2021/10/20,21:41:44,en2cn,5
215,2021/10/20,21:41:49,en2cn,5
524,2021/10/20,21:41:54,cn2en,4
502,2021/10/20,21:42:04,en2cn,4
457,2021/10/20,21:42:11,en2cn,4
591,2021/10/20,21:42:19,cn2en,1
359,2021/10/20,21:42:23,en2cn,5
428,2021/10/20,21:42:32,en2cn,4
449,2021/10/20,21:42:36,en2cn,4
444,2021/10/20,21:42:43,cn2en,5
492,2021/10/20,21:42:54,en2cn,1
517,2021/10/20,21:43:06,en2cn,2
455,2021/10/20,21:43:24,en2cn,2
384,2021/10/20,21:43:26,en2cn,5
583,2021/10/20,21:43:33,en2cn,1
469,2021/10/20,21:43:39,cn2en,4
510,2021/10/20,21:43:44,en2cn,5
448,2021/10/20,21:43:54,en2cn,2
327,2021/10/20,21:43:58,en2cn,4
438,2021/10/20,21:44:11,cn2en,2
561,2021/10/20,21:44:20,cn2en,1
428,2021/10/20,21:44:24,cn2en,4
492,2021/10/20,21:44:31,cn2en,1
425,2021/10/20,21:44:38,cn2en,4
595,2021/10/20,21:44:47,en2cn,2
494,2021/10/20,21:45:18,cn2en,1
469,2021/10/20,21:45:25,en2cn,2
525,2021/10/20,21:45:34,en2cn,1
530,2021/10/20,21:45:42,en2cn,1
521,2021/10/20,21:45:48,en2cn,4
431,2021/10/20,21:46:01,en2cn,3
531,2021/10/20,21:46:11,en2cn,1
474,2021/10/20,21:46:21,en2cn,1
591,2021/10/20,21:46:28,en2cn,1
583,2021/10/20,21:46:39,en2cn,1
448,2021/10/20,21:46:55,cn2en,1
552,2021/10/20,21:47:10,cn2en,2
467,2021/10/20,21:47:17,cn2en,4
532,2021/10/20,21:47:25,en2cn,1
490,2021/10/20,21:47:37,en2cn,1
507,2021/10/20,21:47:46,cn2en,1
480,2021/10/20,21:47:54,en2cn,4
552,2021/10/20,21:47:58,en2cn,4
525,2021/10/20,21:48:07,cn2en,1
434,2021/10/20,21:48:19,cn2en,4
494,2021/10/20,21:48:24,en2cn,1
543,2021/10/20,21:48:27,cn2en,5
561,2021/10/20,21:48:33,cn2en,1
558,2021/10/20,21:48:42,en2cn,4
492,2021/10/20,21:48:47,cn2en,1
530,2021/10/20,21:49:00,cn2en,1
500,2021/10/20,21:49:08,cn2en,4
591,2021/10/20,21:49:14,cn2en,2
455,2021/10/20,21:49:27,cn2en,2
474,2021/10/20,21:49:32,cn2en,4
490,2021/10/20,21:49:37,cn2en,1
527,2021/10/20,21:49:42,en2cn,1
547,2021/10/20,21:49:53,cn2en,1
541,2021/10/20,21:50:00,en2cn,4
528,2021/10/20,21:50:05,en2cn,1
523,2021/10/20,21:50:22,cn2en,1
511,2021/10/20,21:50:25,en2cn,4
492,2021/10/20,21:50:32,en2cn,1
102,2021/10/20,21:50:34,cn2en,1
547,2021/10/20,21:50:40,en2cn,1
555,2021/10/20,21:50:48,cn2en,4
502,2021/10/20,21:50:55,cn2en,1
505,2021/10/20,21:50:59,cn2en,4
517,2021/10/20,21:51:11,cn2en,4
505,2021/10/20,21:51:15,en2cn,5
513,2021/10/20,21:51:20,cn2en,4
597,2021/10/20,21:51:24,en2cn,1
468,2021/10/20,21:51:30,cn2en,2
561,2021/10/20,21:51:35,en2cn,1
532,2021/10/20,21:51:43,cn2en,1
519,2021/10/20,21:51:48,cn2en,4
563,2021/10/20,21:52:00,en2cn,1
471,2021/10/20,21:52:07,en2cn,1
531,2021/10/20,21:52:16,cn2en,1
519,2021/10/20,21:52:19,en2cn,4
507,2021/10/20,21:52:23,en2cn,1
555,2021/10/20,21:52:27,en2cn,4
346,2021/10/20,21:52:32,en2cn,4
583,2021/10/20,21:52:38,cn2en,1
454,2021/10/20,21:52:45,en2cn,2
141,2021/10/21,21:34:46,en2cn,3
247,2021/10/21,21:34:56,cn2en,4
283,2021/10/21,21:35:22,en2cn,4
103,2021/10/21,21:35:32,cn2en,5
54,2021/10/21,21:35:38,cn2en,5
326,2021/10/21,21:35:47,cn2en,5
385,2021/10/21,21:35:55,cn2en,4
146,2021/10/21,21:36:04,cn2en,4
415,2021/10/21,21:36:26,cn2en,2
107,2021/10/21,21:36:30,cn2en,5
321,2021/10/21,21:36:38,en2cn,5
73,2021/10/21,21:36:48,cn2en,2
10,2021/10/21,21:36:53,cn2en,5
316,2021/10/21,21:37:00,en2cn,4
44,2021/10/21,21:37:09,cn2en,3
115,2021/10/21,21:37:17,en2cn,5
182,2021/10/21,21:37:29,cn2en,3
118,2021/10/21,21:37:33,en2cn,4
76,2021/10/21,21:37:38,cn2en,5
453,2021/10/21,21:37:51,en2cn,3
425,2021/10/21,21:38:01,en2cn,4
166,2021/10/21,21:38:07,en2cn,4
186,2021/10/21,21:38:12,cn2en,5
63,2021/10/21,21:38:20,en2cn,5
211,2021/10/21,21:38:28,en2cn,2
503,2021/10/21,21:38:33,cn2en,4
53,2021/10/21,21:38:47,cn2en,4
253,2021/10/21,21:38:54,en2cn,3
114,2021/10/21,21:39:11,en2cn,3
368,2021/10/21,21:39:19,cn2en,4
361,2021/10/21,21:39:29,cn2en,5
242,2021/10/21,21:39:41,cn2en,2
378,2021/10/21,21:39:52,en2cn,3
299,2021/10/21,21:40:01,en2cn,5
261,2021/10/21,21:40:05,en2cn,5
194,2021/10/21,21:40:13,cn2en,5
210,2021/10/21,21:40:23,cn2en,2
366,2021/10/21,21:40:27,cn2en,5
510,2021/10/21,21:40:34,cn2en,5
364,2021/10/21,21:40:41,cn2en,5
102,2021/10/21,21:40:49,en2cn,5
135,2021/10/21,21:40:54,en2cn,5
130,2021/10/21,21:41:05,cn2en,2
460,2021/10/21,21:41:11,cn2en,5
468,2021/10/21,21:41:17,en2cn,4
400,2021/10/21,21:41:29,en2cn,3
427,2021/10/21,21:41:35,en2cn,5
323,2021/10/21,21:41:42,cn2en,3
341,2021/10/21,21:41:51,en2cn,3
459,2021/10/21,21:42:06,en2cn,2
226,2021/10/21,21:42:19,en2cn,2
182,2021/10/21,21:42:24,en2cn,5
113,2021/10/21,21:42:36,cn2en,2
528,2021/10/21,21:42:44,cn2en,3
376,2021/10/21,21:43:06,cn2en,2
269,2021/10/21,21:43:16,en2cn,3
433,2021/10/21,21:43:25,en2cn,3
445,2021/10/21,21:43:30,en2cn,5
145,2021/10/21,21:43:36,cn2en,5
55,2021/10/21,21:43:56,en2cn,4
424,2021/10/21,21:44:01,en2cn,5
164,2021/10/21,21:44:12,en2cn,3
255,2021/10/21,21:44:23,en2cn,2
368,2021/10/21,21:44:34,en2cn,3
461,2021/10/21,21:44:47,en2cn,2
240,2021/10/21,21:44:55,cn2en,4
196,2021/10/21,21:45:01,en2cn,5
229,2021/10/21,21:45:08,cn2en,5
192,2021/10/21,21:45:14,cn2en,5
105,2021/10/21,21:45:23,en2cn,4
443,2021/10/21,21:45:32,en2cn,2
543,2021/10/21,21:45:42,en2cn,5
298,2021/10/21,21:45:52,en2cn,5
293,2021/10/21,21:46:02,en2cn,3
208,2021/10/21,21:46:12,cn2en,4
363,2021/10/21,21:46:20,en2cn,3
224,2021/10/21,21:46:33,cn2en,3
329,2021/10/21,21:46:43,en2cn,2
407,2021/10/21,21:46:47,cn2en,6
218,2021/10/21,21:46:52,en2cn,5
340,2021/10/21,21:47:07,en2cn,2
55,2021/10/21,21:47:15,cn2en,4
198,2021/10/21,21:47:20,en2cn,6
440,2021/10/21,21:47:27,en2cn,2
377,2021/10/21,21:47:31,cn2en,4
168,2021/10/21,21:47:35,cn2en,6
187,2021/10/21,21:47:42,cn2en,3
246,2021/10/21,21:47:53,en2cn,4
451,2021/10/21,21:47:56,en2cn,5
73,2021/10/21,21:48:00,en2cn,5
173,2021/10/21,21:48:13,cn2en,3
88,2021/10/21,21:48:22,cn2en,1
183,2021/10/21,21:48:30,en2cn,4
230,2021/10/21,21:48:37,cn2en,4
297,2021/10/21,21:48:52,cn2en,2
193,2021/10/21,21:49:01,en2cn,4
515,2021/10/21,21:49:10,en2cn,4
213,2021/10/21,21:49:20,en2cn,5
377,2021/10/21,21:49:27,en2cn,4
270,2021/10/21,21:49:39,cn2en,4
271,2021/10/21,21:50:09,cn2en,6
286,2021/10/21,21:50:14,cn2en,5
172,2021/10/21,21:50:21,cn2en,3
185,2021/10/21,21:50:24,en2cn,6
213,2021/10/21,21:50:33,cn2en,4
111,2021/10/21,21:50:41,cn2en,5
92,2021/10/21,21:50:45,en2cn,6
203,2021/10/21,21:50:50,en2cn,6
160,2021/10/21,21:50:54,cn2en,6
333,2021/10/21,21:51:04,en2cn,3
342,2021/10/21,21:51:11,en2cn,3
205,2021/10/21,21:51:16,en2cn,6
262,2021/10/21,21:51:18,cn2en,6
274,2021/10/21,21:51:21,cn2en,6
164,2021/10/21,21:51:25,cn2en,6
214,2021/10/21,21:51:28,cn2en,6
257,2021/10/21,21:51:40,cn2en,2
258,2021/10/21,21:51:43,cn2en,6
245,2021/10/21,21:51:48,en2cn,6
160,2021/10/21,21:51:51,en2cn,6
96,2021/10/21,21:51:54,cn2en,6
24,2021/10/21,21:51:57,cn2en,6
168,2021/10/21,21:52:00,en2cn,6
313,2021/10/21,21:52:08,en2cn,3
294,2021/10/21,21:52:19,cn2en,3
262,2021/10/21,21:52:23,en2cn,6
291,2021/10/21,21:52:28,en2cn,3
366,2021/10/21,21:52:32,en2cn,6
138,2021/10/21,21:52:34,en2cn,6
8,2021/10/21,21:52:40,en2cn,6
167,2021/10/21,21:52:46,en2cn,4
212,2021/10/21,21:52:50,en2cn,6
166,2021/10/21,21:52:56,cn2en,6
367,2021/10/21,21:52:58,en2cn,6
236,2021/10/21,21:53:01,cn2en,6
341,2021/10/21,21:53:06,cn2en,6
320,2021/10/21,21:53:13,cn2en,5
15,2021/10/21,21:53:16,cn2en,6
245,2021/10/21,21:53:24,cn2en,5
191,2021/10/21,21:53:26,en2cn,6
302,2021/10/21,21:53:35,cn2en,5
5,2021/10/21,21:53:38,en2cn,6
52,2021/10/21,21:53:40,en2cn,6
390,2021/10/21,21:53:45,en2cn,3
320,2021/10/21,21:53:49,en2cn,6
240,2021/10/21,21:54:00,en2cn,4
75,2021/10/21,21:54:03,en2cn,6
312,2021/10/21,21:54:05,en2cn,6
371,2021/10/21,21:54:07,cn2en,6
159,2021/10/21,21:54:16,cn2en,2
232,2021/10/21,21:54:21,cn2en,5
285,2021/10/21,21:54:25,cn2en,5
353,2021/10/21,21:54:36,en2cn,5
32,2021/10/21,21:54:41,en2cn,6
144,2021/10/21,21:54:44,cn2en,6
287,2021/10/21,21:54:53,en2cn,5
277,2021/10/21,21:54:57,cn2en,6
114,2021/10/21,21:55:07,cn2en,4
132,2021/10/21,21:55:13,cn2en,6
219,2021/10/21,21:55:15,cn2en,6
303,2021/10/21,21:55:22,en2cn,2
64,2021/10/21,21:55:26,en2cn,6
132,2021/10/21,21:55:36,en2cn,6
142,2021/10/21,21:55:42,en2cn,5
289,2021/10/21,21:55:53,en2cn,6
125,2021/10/21,21:55:58,en2cn,6
117,2021/10/21,21:56:01,en2cn,6
381,2021/10/21,21:56:07,en2cn,5
278,2021/10/21,21:56:09,cn2en,6
222,2021/10/21,21:56:15,en2cn,3
204,2021/10/21,21:56:21,en2cn,6
113,2021/10/21,21:56:26,en2cn,5
411,2021/10/21,21:56:31,en2cn,5
299,2021/10/21,21:56:35,cn2en,6
142,2021/10/21,21:56:38,cn2en,6
150,2021/10/21,21:56:43,en2cn,5
263,2021/10/21,21:56:47,cn2en,6
183,2021/10/21,21:56:51,cn2en,6
120,2021/10/21,21:56:54,en2cn,6
248,2021/10/21,21:56:57,cn2en,6
259,2021/10/21,21:57:02,en2cn,5
204,2021/10/21,21:57:05,cn2en,6
244,2021/10/21,21:57:09,cn2en,6
217,2021/10/21,21:57:11,cn2en,6
138,2021/10/21,21:57:14,cn2en,6
33,2021/10/21,21:57:16,cn2en,6
178,2021/10/21,21:57:25,cn2en,3
198,2021/10/21,21:57:29,cn2en,6
122,2021/10/21,21:57:36,en2cn,5
239,2021/10/21,21:57:38,cn2en,6
276,2021/10/21,21:57:46,cn2en,4
300,2021/10/21,21:57:49,cn2en,6
151,2021/10/21,21:57:54,cn2en,5
157,2021/10/21,21:58:02,cn2en,3
141,2021/10/21,21:58:05,cn2en,6
318,2021/10/21,21:58:10,cn2en,6
127,2021/10/21,21:58:13,cn2en,6
192,2021/10/21,21:58:19,en2cn,6
356,2021/10/21,21:58:21,cn2en,6
37,2021/10/21,21:58:25,en2cn,6
283,2021/10/22,10:49:12,cn2en,2
480,2021/10/22,10:49:26,cn2en,2
327,2021/10/22,10:49:31,cn2en,4
130,2021/10/22,10:49:43,cn2en,1
591,2021/10/22,10:50:02,cn2en,1
494,2021/10/22,10:50:28,cn2en,1
552,2021/10/22,10:50:34,cn2en,4
118,2021/10/22,10:50:38,cn2en,4
357,2021/10/22,10:50:43,cn2en,4
449,2021/10/22,10:50:48,cn2en,4
376,2021/10/22,10:50:57,cn2en,1
502,2021/10/22,10:51:58,cn2en,1
583,2021/10/22,10:52:10,cn2en,1
354,2021/10/22,10:52:18,cn2en,1
595,2021/10/22,10:52:31,cn2en,1
291,2021/10/22,10:52:45,cn2en,3
159,2021/10/22,10:52:52,cn2en,4
415,2021/10/22,10:53:05,cn2en,4
459,2021/10/22,10:53:46,cn2en,1
530,2021/10/22,10:53:59,cn2en,2
495,2021/10/22,10:54:09,cn2en,1
457,2021/10/22,10:54:14,cn2en,4
448,2021/10/22,10:54:28,cn2en,1
257,2021/10/22,10:54:35,cn2en,4
590,2021/10/22,10:54:44,cn2en,1
586,2021/10/22,10:54:53,cn2en,2
532,2021/10/22,10:55:11,cn2en,1
297,2021/10/22,10:55:21,cn2en,4
242,2021/10/22,10:55:26,cn2en,4
210,2021/10/22,10:55:32,cn2en,4
461,2021/10/22,10:55:41,cn2en,4
547,2021/10/22,10:55:49,cn2en,1
455,2021/10/22,10:55:58,cn2en,1
585,2021/10/22,10:56:08,cn2en,1
593,2021/10/22,10:56:12,cn2en,5
499,2021/10/22,10:56:22,cn2en,4
511,2021/10/22,10:56:27,cn2en,4
570,2021/10/22,10:56:40,cn2en,1
316,2021/10/22,10:56:46,cn2en,4
514,2021/10/22,10:56:59,cn2en,4
430,2021/10/22,10:57:12,cn2en,2
290,2021/10/22,10:57:41,cn2en,1
337,2021/10/22,10:57:55,cn2en,1
497,2021/10/22,10:58:04,cn2en,1
531,2021/10/22,10:58:12,cn2en,1
468,2021/10/22,10:58:19,cn2en,4
541,2021/10/22,10:58:25,cn2en,4
381,2021/10/22,10:58:34,cn2en,3
477,2021/10/22,10:58:40,cn2en,1
506,2021/10/22,10:58:52,cn2en,1
102,2021/10/22,10:58:57,cn2en,4
454,2021/10/22,10:59:04,cn2en,4
596,2021/10/22,10:59:12,cn2en,4
113,2021/10/22,10:59:17,cn2en,4
88,2021/10/22,10:59:23,cn2en,1
490,2021/10/22,10:59:30,cn2en,1
492,2021/10/22,10:59:41,cn2en,1
529,2021/10/22,10:59:49,cn2en,1
520,2021/10/22,10:59:57,cn2en,3
525,2021/10/22,11:00:03,cn2en,1
523,2021/10/22,11:00:10,cn2en,5
561,2021/10/22,11:00:18,cn2en,4
369,2021/10/22,11:00:25,cn2en,4
589,2021/10/22,11:00:34,cn2en,3
512,2021/10/22,11:00:44,cn2en,2
438,2021/10/22,11:00:55,cn2en,4
507,2021/10/22,11:01:02,cn2en,1
73,2021/10/22,11:01:08,cn2en,5
533,2021/10/22,11:01:16,cn2en,1
517,2021/10/22,11:03:06,en2cn,2
546,2021/10/22,11:03:18,en2cn,1
443,2021/10/22,11:03:23,en2cn,4
490,2021/10/22,11:03:29,en2cn,4
494,2021/10/22,11:03:37,en2cn,4
461,2021/10/22,11:03:46,en2cn,3
454,2021/10/22,11:04:02,en2cn,2
512,2021/10/22,11:04:13,en2cn,2
532,2021/10/22,11:04:23,en2cn,1
226,2021/10/22,11:04:30,en2cn,4
597,2021/10/22,11:04:39,en2cn,2
474,2021/10/22,11:04:51,en2cn,3
199,2021/10/22,11:04:57,en2cn,5
507,2021/10/22,11:05:03,en2cn,1
448,2021/10/22,11:05:08,en2cn,1
525,2021/10/22,11:05:15,en2cn,1
255,2021/10/22,11:05:20,en2cn,4
601,2021/10/22,11:05:29,en2cn,1
489,2021/10/22,11:05:39,en2cn,2
561,2021/10/22,11:05:43,en2cn,4
476,2021/10/22,11:05:52,en2cn,2
530,2021/10/22,11:05:58,en2cn,2
522,2021/10/22,11:06:07,en2cn,2
450,2021/10/22,11:06:19,en2cn,2
563,2021/10/22,11:06:32,en2cn,2
432,2021/10/22,11:06:43,en2cn,2
583,2021/10/22,11:06:50,en2cn,1
430,2021/10/22,11:06:58,en2cn,1
585,2021/10/22,11:07:02,en2cn,1
528,2021/10/22,11:07:09,en2cn,4
531,2021/10/22,11:07:18,en2cn,1
492,2021/10/22,11:07:27,en2cn,1
591,2021/10/22,11:07:32,en2cn,4
592,2021/10/22,11:07:39,en2cn,2
455,2021/10/22,11:07:45,en2cn,1
376,2021/10/22,11:07:49,en2cn,4
600,2021/10/22,11:07:56,en2cn,2
523,2021/10/22,11:08:00,en2cn,4
211,2021/10/22,11:08:07,en2cn,2
459,2021/10/22,11:08:17,en2cn,2
527,2021/10/22,11:08:29,en2cn,2
594,2021/10/22,11:08:36,en2cn,1
471,2021/10/22,11:08:50,en2cn,2
513,2021/10/22,11:09:00,en2cn,3
415,2021/10/22,11:09:10,en2cn,4
534,2021/10/22,11:09:16,en2cn,4
506,2021/10/22,11:09:21,en2cn,1
547,2021/10/22,11:09:26,en2cn,1
475,2021/10/22,11:09:36,en2cn,1
440,2021/10/22,11:09:41,en2cn,1
357,2021/10/22,11:09:49,en2cn,2
469,2021/10/22,11:09:58,en2cn,2
514,2021/10/22,11:10:08,en2cn,4
595,2021/10/22,11:10:12,en2cn,1
303,2021/10/22,11:10:19,en2cn,4
329,2021/10/22,11:10:26,en2cn,3
516,2021/10/22,11:10:31,en2cn,4
340,2021/10/22,11:10:40,en2cn,4
88,2021/10/22,11:10:43,en2cn,4
315,2021/10/22,11:10:49,en2cn,2
273,2021/10/22,14:08:21,en2cn,2
217,2021/10/22,14:08:26,en2cn,5
98,2021/10/22,14:08:37,en2cn,5
195,2021/10/22,14:12:06,en2cn,6
294,2021/10/22,14:12:15,en2cn,5
375,2021/10/22,14:12:21,en2cn,5
147,2021/10/22,14:12:28,en2cn,6
356,2021/10/22,14:12:31,en2cn,6
151,2021/10/22,14:12:36,en2cn,6
104,2021/10/22,14:12:41,en2cn,6
186,2021/10/22,14:12:48,en2cn,5
373,2021/10/22,14:12:52,en2cn,5
318,2021/10/22,14:12:55,en2cn,6
297,2021/10/22,14:12:58,en2cn,6
219,2021/10/22,14:13:01,en2cn,6
311,2021/10/22,14:13:03,en2cn,6
372,2021/10/22,14:13:08,en2cn,5
252,2021/10/22,14:13:17,en2cn,3
282,2021/10/22,14:13:32,en2cn,3
202,2021/10/22,14:13:37,en2cn,5
396,2021/10/22,14:13:39,en2cn,6
336,2021/10/22,14:13:41,en2cn,6
228,2021/10/22,14:13:49,en2cn,3
263,2021/10/22,14:13:52,en2cn,6
165,2021/10/22,14:14:05,en2cn,5
278,2021/10/22,14:14:10,en2cn,6
154,2021/10/22,14:14:14,en2cn,6
279,2021/10/22,14:14:24,en2cn,3
95,2021/10/22,14:14:27,en2cn,6
209,2021/10/22,14:14:32,en2cn,6
364,2021/10/22,14:14:45,en2cn,2
407,2021/10/22,14:14:48,en2cn,6
265,2021/10/22,14:14:53,en2cn,6
258,2021/10/22,14:14:56,en2cn,6
309,2021/10/22,14:15:00,en2cn,6
235,2021/10/22,14:15:03,en2cn,6
288,2021/10/22,14:15:12,en2cn,3
397,2021/10/22,14:15:16,en2cn,6
277,2021/10/22,14:15:20,en2cn,6
180,2021/10/22,14:15:23,en2cn,6
175,2021/10/22,14:15:25,en2cn,6
463,2021/10/22,14:15:40,en2cn,4
256,2021/10/22,14:15:45,en2cn,5
91,2021/10/22,14:15:49,en2cn,6
220,2021/10/22,14:15:52,en2cn,6
190,2021/10/22,14:15:55,en2cn,6
232,2021/10/22,14:16:03,en2cn,3
227,2021/10/22,14:16:05,en2cn,6
239,2021/10/22,14:16:11,en2cn,5
276,2021/10/22,14:16:22,en2cn,4
310,2021/10/22,14:16:52,cn2en,3
3,2021/10/22,14:16:55,cn2en,6
280,2021/10/22,14:17:04,cn2en,3
355,2021/10/22,14:17:06,cn2en,6
220,2021/10/22,14:17:08,cn2en,6
293,2021/10/22,14:17:13,cn2en,6
222,2021/10/22,14:17:18,cn2en,5
264,2021/10/22,14:17:24,cn2en,3
365,2021/10/22,14:17:35,cn2en,3
176,2021/10/22,14:17:38,cn2en,6
235,2021/10/22,14:17:41,cn2en,6
298,2021/10/22,14:17:46,cn2en,6
121,2021/10/22,14:17:49,cn2en,6
408,2021/10/22,14:17:52,cn2en,6
367,2021/10/22,14:17:55,cn2en,6
188,2021/10/22,14:18:00,cn2en,6
185,2021/10/22,14:18:03,cn2en,6
304,2021/10/22,14:18:11,cn2en,6
64,2021/10/22,14:18:24,cn2en,3
267,2021/10/22,14:18:27,cn2en,5
458,2021/10/22,14:18:34,cn2en,3
452,2021/10/22,14:18:38,cn2en,6
382,2021/10/22,14:18:40,cn2en,6
202,2021/10/22,14:18:42,cn2en,6
433,2021/10/22,14:18:45,cn2en,6
396,2021/10/22,14:18:53,cn2en,4
179,2021/10/22,14:19:03,cn2en,3
322,2021/10/22,14:19:07,cn2en,6
195,2021/10/22,14:19:09,cn2en,6
391,2021/10/22,14:19:16,cn2en,3
417,2021/10/22,14:19:22,cn2en,5
261,2021/10/22,14:19:27,cn2en,6
184,2021/10/22,14:19:54,cn2en,3
296,2021/10/22,14:19:58,cn2en,5
349,2021/10/22,14:20:01,cn2en,6
343,2021/10/22,14:20:04,cn2en,6
237,2021/10/22,14:20:10,cn2en,6
158,2021/10/22,14:20:17,cn2en,3
311,2021/10/22,14:20:21,cn2en,6
399,2021/10/22,14:20:23,cn2en,6
190,2021/10/22,14:20:33,cn2en,3
203,2021/10/22,14:20:42,cn2en,3
246,2021/10/22,14:20:46,cn2en,6
269,2021/10/22,14:20:51,cn2en,6
353,2021/10/22,14:20:54,cn2en,6
243,2021/10/22,14:21:00,cn2en,6
308,2021/10/22,14:21:08,cn2en,3
49,2021/10/22,14:21:17,cn2en,3
301,2021/10/22,14:21:20,cn2en,6
429,2021/10/22,14:21:24,cn2en,6
