id,mode,firstReviewDate,lastReviewDate,rating,previousRating,repetitionNumber,nTimesSeen,nTimesWrong,nTimesCorrect,nTimesBad,nTimesMedium,nTimesGood
1,en2cn,2021/04/07,2021/04/07,6.0,6.0,1.0,1.0,0.0,1.0,0.0,0.0,1.0
1,cn2en,2021/04/07,2021/04/07,6.0,6.0,1.0,1.0,0.0,1.0,0.0,0.0,1.0
4,cn2en,2021/04/07,2021/10/17,6.0,6.0,2.0,2.0,1.0,1.0,0.0,0.0,2.0
5,cn2en,2021/04/07,2021/10/17,6.0,6.0,2.0,2.0,1.0,1.0,0.0,0.0,2.0
3,en2cn,2021/04/07,2021/10/17,6.0,6.0,2.0,2.0,1.0,1.0,0.0,0.0,2.0
6,en2cn,2021/04/07,2021/10/20,6.0,6.0,2.0,2.0,1.0,1.0,0.0,0.0,2.0
11,en2cn,2021/04/07,2021/10/17,6.0,6.0,2.0,2.0,1.0,1.0,0.0,0.0,2.0
9,en2cn,2021/04/07,2021/10/20,6.0,6.0,2.0,2.0,1.0,1.0,0.0,0.0,2.0
15,cn2en,2021/04/07,2021/10/21,6.0,6.0,2.0,2.0,1.0,1.0,0.0,0.0,2.0
13,en2cn,2021/04/07,2021/10/17,6.0,6.0,2.0,2.0,1.0,1.0,0.0,0.0,2.0
3,cn2en,2021/04/07,2021/10/22,6.0,5.0,2.0,2.0,1.0,1.0,0.0,0.0,2.0
20,cn2en,2021/04/07,2021/04/07,5.0,5.0,1.0,1.0,1.0,0.0,0.0,0.0,1.0
6,cn2en,2021/04/07,2021/10/17,6.0,6.0,2.0,2.0,1.0,1.0,0.0,0.0,2.0
18,en2cn,2021/04/07,2021/10/17,6.0,6.0,2.0,2.0,1.0,1.0,0.0,0.0,2.0
9,cn2en,2021/04/07,2021/10/20,6.0,6.0,2.0,2.0,1.0,1.0,0.0,0.0,2.0
14,en2cn,2021/04/07,2021/10/17,6.0,6.0,2.0,2.0,1.0,1.0,0.0,0.0,2.0
2,en2cn,2021/04/07,2021/04/07,3.0,3.0,0.0,1.0,0.0,1.0,0.0,1.0,0.0
4,en2cn,2021/04/07,2021/10/17,6.0,6.0,2.0,2.0,1.0,1.0,0.0,0.0,2.0
7,en2cn,2021/04/07,2021/04/07,3.0,3.0,0.0,1.0,0.0,1.0,0.0,1.0,0.0
11,cn2en,2021/04/07,2021/10/17,6.0,6.0,2.0,2.0,1.0,1.0,0.0,0.0,2.0
17,cn2en,2021/04/07,2021/10/17,6.0,6.0,2.0,2.0,1.0,1.0,0.0,0.0,2.0
8,cn2en,2021/04/07,2021/10/17,4.0,6.0,2.0,2.0,1.0,1.0,0.0,1.0,1.0
14,cn2en,2021/04/07,2021/10/17,6.0,6.0,2.0,2.0,1.0,1.0,0.0,0.0,2.0
15,en2cn,2021/04/07,2021/10/17,6.0,6.0,2.0,2.0,1.0,1.0,0.0,0.0,2.0
16,en2cn,2021/04/07,2021/10/17,6.0,6.0,2.0,2.0,1.0,1.0,0.0,0.0,2.0
7,cn2en,2021/04/07,2021/10/17,6.0,6.0,2.0,2.0,1.0,1.0,0.0,0.0,2.0
12,en2cn,2021/04/07,2021/10/17,6.0,6.0,2.0,2.0,1.0,1.0,0.0,0.0,2.0
16,cn2en,2021/04/07,2021/10/17,6.0,6.0,2.0,2.0,1.0,1.0,0.0,0.0,2.0
2,cn2en,2021/04/07,2021/10/17,6.0,6.0,2.0,2.0,1.0,1.0,0.0,0.0,2.0
10,cn2en,2021/04/07,2021/10/21,5.0,4.0,2.0,2.0,1.0,1.0,0.0,1.0,1.0
18,cn2en,2021/04/07,2021/10/17,6.0,6.0,2.0,2.0,1.0,1.0,0.0,0.0,2.0
8,en2cn,2021/04/07,2021/10/21,6.0,5.0,2.0,2.0,1.0,1.0,0.0,0.0,2.0
13,cn2en,2021/04/07,2021/10/17,6.0,6.0,2.0,2.0,1.0,1.0,0.0,0.0,2.0
5,en2cn,2021/04/07,2021/10/21,6.0,6.0,2.0,2.0,1.0,1.0,0.0,0.0,2.0
17,en2cn,2021/04/07,2021/10/17,6.0,6.0,2.0,2.0,1.0,1.0,0.0,0.0,2.0
19,en2cn,2021/04/07,2021/10/17,6.0,6.0,2.0,2.0,1.0,1.0,0.0,0.0,2.0
20,en2cn,2021/04/07,2021/10/17,6.0,6.0,2.0,2.0,1.0,1.0,0.0,0.0,2.0
19,cn2en,2021/04/07,2021/10/17,6.0,6.0,2.0,2.0,1.0,1.0,0.0,0.0,2.0
10,en2cn,2021/04/07,2021/10/17,6.0,6.0,2.0,2.0,1.0,1.0,0.0,0.0,2.0
21,cn2en,2021/04/07,2021/10/17,6.0,6.0,2.0,2.0,1.0,1.0,0.0,0.0,2.0
12,cn2en,2021/04/07,2021/10/17,6.0,6.0,2.0,2.0,1.0,1.0,0.0,0.0,2.0
21,en2cn,2021/04/07,2021/10/20,6.0,6.0,2.0,2.0,1.0,1.0,0.0,0.0,2.0
42,en2cn,2021/04/07,2021/10/17,6.0,6.0,2.0,2.0,1.0,1.0,0.0,0.0,2.0
35,cn2en,2021/04/07,2021/04/07,5.0,5.0,1.0,1.0,1.0,0.0,0.0,0.0,1.0
55,en2cn,2021/04/07,2021/10/21,4.0,4.0,2.0,2.0,1.0,1.0,0.0,2.0,0.0
24,cn2en,2021/04/07,2021/10/21,6.0,5.0,2.0,2.0,1.0,1.0,0.0,0.0,2.0
47,en2cn,2021/04/07,2021/10/17,6.0,6.0,2.0,2.0,1.0,1.0,0.0,0.0,2.0
54,en2cn,2021/04/07,2021/10/20,3.0,2.0,0.0,2.0,1.0,1.0,1.0,1.0,0.0
45,cn2en,2021/04/07,2021/10/17,6.0,6.0,2.0,2.0,1.0,1.0,0.0,0.0,2.0
26,cn2en,2021/04/07,2021/10/17,6.0,6.0,2.0,2.0,1.0,1.0,0.0,0.0,2.0
53,en2cn,2021/04/07,2021/10/20,4.0,2.0,1.0,3.0,2.0,1.0,2.0,1.0,0.0
48,en2cn,2021/04/07,2021/10/17,6.0,6.0,2.0,2.0,1.0,1.0,0.0,0.0,2.0
32,en2cn,2021/04/07,2021/10/21,6.0,6.0,2.0,2.0,1.0,1.0,0.0,0.0,2.0
45,en2cn,2021/04/07,2021/10/17,6.0,6.0,2.0,2.0,1.0,1.0,0.0,0.0,2.0
27,cn2en,2021/04/07,2021/10/17,6.0,6.0,2.0,2.0,1.0,1.0,0.0,0.0,2.0
30,en2cn,2021/04/07,2021/10/17,6.0,6.0,2.0,2.0,1.0,1.0,0.0,0.0,2.0
55,cn2en,2021/04/07,2021/10/21,4.0,4.0,2.0,2.0,1.0,1.0,0.0,2.0,0.0
46,cn2en,2021/04/07,2021/10/17,6.0,6.0,2.0,2.0,1.0,1.0,0.0,0.0,2.0
49,cn2en,2021/04/07,2021/10/22,3.0,5.0,0.0,2.0,0.0,2.0,0.0,1.0,1.0
52,en2cn,2021/04/07,2021/10/21,6.0,6.0,2.0,2.0,1.0,1.0,0.0,0.0,2.0
28,cn2en,2021/04/07,2021/10/17,6.0,6.0,2.0,2.0,1.0,1.0,0.0,0.0,2.0
50,cn2en,2021/04/07,2021/10/17,6.0,6.0,2.0,2.0,1.0,1.0,0.0,0.0,2.0
52,cn2en,2021/04/07,2021/10/17,6.0,6.0,2.0,2.0,1.0,1.0,0.0,0.0,2.0
37,en2cn,2021/04/07,2021/10/21,6.0,6.0,2.0,2.0,1.0,1.0,0.0,0.0,2.0
28,en2cn,2021/04/07,2021/10/17,6.0,6.0,2.0,2.0,1.0,1.0,0.0,0.0,2.0
38,en2cn,2021/04/07,2021/10/17,6.0,6.0,2.0,2.0,1.0,1.0,0.0,0.0,2.0
33,cn2en,2021/04/07,2021/10/21,6.0,6.0,2.0,2.0,1.0,1.0,0.0,0.0,2.0
32,cn2en,2021/04/07,2021/10/17,6.0,6.0,2.0,2.0,1.0,1.0,0.0,0.0,2.0
25,cn2en,2021/04/07,2021/10/17,6.0,6.0,2.0,2.0,1.0,1.0,0.0,0.0,2.0
23,en2cn,2021/04/07,2021/04/07,5.0,5.0,1.0,1.0,1.0,0.0,0.0,0.0,1.0
51,cn2en,2021/04/07,2021/10/17,5.0,6.0,2.0,2.0,1.0,1.0,0.0,0.0,2.0
44,cn2en,2021/04/07,2021/10/21,3.0,4.0,0.0,3.0,0.0,3.0,1.0,2.0,0.0
53,cn2en,2021/04/07,2021/10/21,4.0,4.0,2.0,2.0,1.0,1.0,0.0,2.0,0.0
37,cn2en,2021/04/07,2021/10/17,6.0,6.0,2.0,2.0,1.0,1.0,0.0,0.0,2.0
42,cn2en,2021/04/07,2021/10/17,6.0,6.0,2.0,2.0,1.0,1.0,0.0,0.0,2.0
29,en2cn,2021/04/07,2021/10/20,6.0,6.0,2.0,2.0,1.0,1.0,0.0,0.0,2.0
46,en2cn,2021/04/07,2021/10/17,4.0,6.0,2.0,2.0,1.0,1.0,0.0,1.0,1.0
41,cn2en,2021/04/07,2021/10/20,6.0,6.0,2.0,2.0,1.0,1.0,0.0,0.0,2.0
24,en2cn,2021/04/07,2021/10/17,6.0,6.0,2.0,2.0,1.0,1.0,0.0,0.0,2.0
39,en2cn,2021/04/07,2021/10/20,6.0,6.0,2.0,2.0,1.0,1.0,0.0,0.0,2.0
41,en2cn,2021/04/07,2021/10/17,6.0,6.0,2.0,2.0,1.0,1.0,0.0,0.0,2.0
40,cn2en,2021/04/07,2021/10/17,6.0,6.0,2.0,2.0,1.0,1.0,0.0,0.0,2.0
40,en2cn,2021/04/07,2021/10/17,6.0,6.0,2.0,2.0,1.0,1.0,0.0,0.0,2.0
25,en2cn,2021/04/07,2021/10/17,6.0,6.0,2.0,2.0,1.0,1.0,0.0,0.0,2.0
31,en2cn,2021/04/07,2021/10/17,6.0,6.0,2.0,2.0,1.0,1.0,0.0,0.0,2.0
36,en2cn,2021/04/07,2021/10/17,6.0,6.0,2.0,2.0,1.0,1.0,0.0,0.0,2.0
33,en2cn,2021/04/07,2021/10/17,6.0,6.0,2.0,2.0,1.0,1.0,0.0,0.0,2.0
56,cn2en,2021/04/07,2021/10/17,6.0,6.0,2.0,2.0,1.0,1.0,0.0,0.0,2.0
26,en2cn,2021/04/07,2021/10/17,6.0,6.0,2.0,2.0,1.0,1.0,0.0,0.0,2.0
29,cn2en,2021/04/07,2021/10/17,6.0,6.0,2.0,2.0,1.0,1.0,0.0,0.0,2.0
48,cn2en,2021/04/07,2021/10/17,6.0,6.0,2.0,2.0,1.0,1.0,0.0,0.0,2.0
23,cn2en,2021/04/07,2021/10/17,3.0,6.0,0.0,2.0,0.0,2.0,0.0,1.0,1.0
51,en2cn,2021/04/07,2021/10/17,6.0,6.0,2.0,2.0,1.0,1.0,0.0,0.0,2.0
39,cn2en,2021/04/07,2021/10/17,6.0,6.0,2.0,2.0,1.0,1.0,0.0,0.0,2.0
36,cn2en,2021/04/07,2021/10/17,6.0,6.0,2.0,2.0,1.0,1.0,0.0,0.0,2.0
34,en2cn,2021/04/07,2021/10/20,6.0,6.0,2.0,2.0,1.0,1.0,0.0,0.0,2.0
22,cn2en,2021/04/07,2021/10/20,4.0,6.0,2.0,2.0,1.0,1.0,0.0,1.0,1.0
47,cn2en,2021/04/07,2021/10/17,3.0,6.0,0.0,2.0,0.0,2.0,0.0,1.0,1.0
34,cn2en,2021/04/07,2021/10/17,6.0,6.0,2.0,2.0,1.0,1.0,0.0,0.0,2.0
27,en2cn,2021/04/07,2021/10/17,6.0,6.0,2.0,2.0,1.0,1.0,0.0,0.0,2.0
35,en2cn,2021/04/07,2021/10/20,4.0,6.0,2.0,2.0,1.0,1.0,0.0,1.0,1.0
38,cn2en,2021/04/07,2021/10/17,6.0,6.0,2.0,2.0,1.0,1.0,0.0,0.0,2.0
50,en2cn,2021/04/07,2021/10/17,6.0,6.0,2.0,2.0,1.0,1.0,0.0,0.0,2.0
43,en2cn,2021/04/07,2021/04/07,5.0,5.0,1.0,1.0,1.0,0.0,0.0,0.0,1.0
22,en2cn,2021/04/07,2021/10/17,3.0,6.0,0.0,2.0,0.0,2.0,0.0,1.0,1.0
43,cn2en,2021/04/07,2021/10/20,4.0,2.0,1.0,4.0,3.0,1.0,3.0,1.0,0.0
49,en2cn,2021/04/07,2021/10/17,3.0,6.0,0.0,2.0,0.0,2.0,0.0,1.0,1.0
30,cn2en,2021/04/07,2021/10/17,6.0,6.0,2.0,2.0,1.0,1.0,0.0,0.0,2.0
56,en2cn,2021/04/07,2021/10/17,6.0,6.0,2.0,2.0,1.0,1.0,0.0,0.0,2.0
31,cn2en,2021/04/07,2021/10/17,6.0,6.0,2.0,2.0,1.0,1.0,0.0,0.0,2.0
44,en2cn,2021/04/07,2021/04/07,5.0,5.0,1.0,1.0,1.0,0.0,0.0,0.0,1.0
54,cn2en,2021/04/07,2021/10/21,5.0,4.0,2.0,2.0,1.0,1.0,0.0,1.0,1.0
61,en2cn,2021/04/08,2021/10/17,6.0,6.0,2.0,2.0,1.0,1.0,0.0,0.0,2.0
62,cn2en,2021/04/08,2021/10/17,6.0,6.0,2.0,2.0,1.0,1.0,0.0,0.0,2.0
67,cn2en,2021/04/08,2021/10/17,6.0,6.0,2.0,2.0,1.0,1.0,0.0,0.0,2.0
95,en2cn,2021/04/08,2021/10/22,6.0,5.0,2.0,2.0,1.0,1.0,0.0,0.0,2.0
82,en2cn,2021/04/08,2021/10/17,6.0,6.0,2.0,2.0,1.0,1.0,0.0,0.0,2.0
64,cn2en,2021/04/08,2021/10/22,3.0,5.0,0.0,2.0,0.0,2.0,0.0,1.0,1.0
95,cn2en,2021/04/08,2021/10/17,6.0,6.0,2.0,2.0,1.0,1.0,0.0,0.0,2.0
58,cn2en,2021/04/08,2021/10/17,6.0,6.0,2.0,2.0,1.0,1.0,0.0,0.0,2.0
70,cn2en,2021/04/08,2021/04/08,3.0,3.0,0.0,1.0,0.0,1.0,0.0,1.0,0.0
57,en2cn,2021/04/08,2021/10/17,6.0,6.0,2.0,2.0,1.0,1.0,0.0,0.0,2.0
92,cn2en,2021/04/08,2021/10/17,6.0,6.0,2.0,2.0,1.0,1.0,0.0,0.0,2.0
63,cn2en,2021/04/08,2021/04/08,3.0,3.0,0.0,1.0,0.0,1.0,0.0,1.0,0.0
71,en2cn,2021/04/08,2021/10/17,5.0,6.0,2.0,2.0,1.0,1.0,0.0,0.0,2.0
87,en2cn,2021/04/08,2021/10/17,6.0,6.0,2.0,2.0,1.0,1.0,0.0,0.0,2.0
64,en2cn,2021/04/08,2021/10/21,6.0,6.0,2.0,2.0,1.0,1.0,0.0,0.0,2.0
93,en2cn,2021/04/08,2021/10/17,6.0,6.0,2.0,2.0,1.0,1.0,0.0,0.0,2.0
90,en2cn,2021/04/08,2021/10/17,6.0,6.0,2.0,2.0,1.0,1.0,0.0,0.0,2.0
75,cn2en,2021/04/08,2021/10/20,6.0,6.0,2.0,2.0,1.0,1.0,0.0,0.0,2.0
85,en2cn,2021/04/08,2021/10/17,4.0,6.0,2.0,2.0,1.0,1.0,0.0,1.0,1.0
90,cn2en,2021/04/08,2021/10/17,6.0,6.0,2.0,2.0,1.0,1.0,0.0,0.0,2.0
60,cn2en,2021/04/08,2021/10/17,6.0,6.0,2.0,2.0,1.0,1.0,0.0,0.0,2.0
58,en2cn,2021/04/08,2021/10/17,6.0,6.0,2.0,2.0,1.0,1.0,0.0,0.0,2.0
74,cn2en,2021/04/08,2021/10/17,6.0,6.0,2.0,2.0,1.0,1.0,0.0,0.0,2.0
65,en2cn,2021/04/08,2021/10/17,6.0,6.0,2.0,2.0,1.0,1.0,0.0,0.0,2.0
77,cn2en,2021/04/08,2021/10/17,6.0,6.0,2.0,2.0,1.0,1.0,0.0,0.0,2.0
88,cn2en,2021/04/08,2021/10/22,1.0,1.0,0.0,3.0,2.0,1.0,2.0,1.0,0.0
84,cn2en,2021/04/08,2021/10/17,6.0,6.0,2.0,2.0,1.0,1.0,0.0,0.0,2.0
85,cn2en,2021/04/08,2021/10/17,6.0,6.0,2.0,2.0,1.0,1.0,0.0,0.0,2.0
63,en2cn,2021/04/08,2021/10/21,5.0,3.0,1.0,2.0,2.0,0.0,0.0,1.0,1.0
91,en2cn,2021/04/08,2021/10/22,6.0,5.0,2.0,2.0,1.0,1.0,0.0,0.0,2.0
76,cn2en,2021/04/08,2021/10/21,5.0,4.0,2.0,2.0,1.0,1.0,0.0,1.0,1.0
79,en2cn,2021/04/08,2021/04/08,5.0,5.0,1.0,1.0,1.0,0.0,0.0,0.0,1.0
66,cn2en,2021/04/08,2021/10/17,6.0,6.0,2.0,2.0,1.0,1.0,0.0,0.0,2.0
84,en2cn,2021/04/08,2021/10/17,6.0,6.0,2.0,2.0,1.0,1.0,0.0,0.0,2.0
57,cn2en,2021/04/08,2021/10/17,6.0,6.0,2.0,2.0,1.0,1.0,0.0,0.0,2.0
94,en2cn,2021/04/08,2021/10/20,4.0,2.0,1.0,2.0,2.0,0.0,1.0,1.0,0.0
73,en2cn,2021/04/08,2021/10/21,5.0,4.0,2.0,2.0,1.0,1.0,0.0,1.0,1.0
78,en2cn,2021/04/08,2021/04/08,5.0,5.0,1.0,1.0,1.0,0.0,0.0,0.0,1.0
61,cn2en,2021/04/08,2021/10/17,6.0,6.0,2.0,2.0,1.0,1.0,0.0,0.0,2.0
59,en2cn,2021/04/08,2021/10/17,5.0,6.0,2.0,2.0,1.0,1.0,0.0,0.0,2.0
94,cn2en,2021/04/08,2021/10/20,3.0,2.0,0.0,3.0,2.0,1.0,1.0,1.0,1.0
71,cn2en,2021/04/08,2021/10/17,6.0,6.0,2.0,2.0,1.0,1.0,0.0,0.0,2.0
69,cn2en,2021/04/08,2021/10/17,6.0,6.0,2.0,2.0,1.0,1.0,0.0,0.0,2.0
62,en2cn,2021/04/08,2021/10/17,6.0,6.0,2.0,2.0,1.0,1.0,0.0,0.0,2.0
78,cn2en,2021/04/08,2021/10/17,6.0,6.0,2.0,2.0,1.0,1.0,0.0,0.0,2.0
79,cn2en,2021/04/08,2021/10/20,6.0,6.0,2.0,2.0,1.0,1.0,0.0,0.0,2.0
73,cn2en,2021/04/08,2021/10/22,5.0,2.0,1.0,3.0,3.0,0.0,1.0,1.0,1.0
81,cn2en,2021/04/08,2021/10/17,6.0,6.0,2.0,2.0,1.0,1.0,0.0,0.0,2.0
67,en2cn,2021/04/08,2021/10/17,6.0,6.0,2.0,2.0,1.0,1.0,0.0,0.0,2.0
92,en2cn,2021/04/08,2021/10/21,6.0,6.0,2.0,2.0,1.0,1.0,0.0,0.0,2.0
93,cn2en,2021/04/08,2021/10/17,6.0,6.0,2.0,2.0,1.0,1.0,0.0,0.0,2.0
86,cn2en,2021/04/08,2021/10/17,6.0,6.0,2.0,2.0,1.0,1.0,0.0,0.0,2.0
68,cn2en,2021/04/08,2021/10/17,6.0,6.0,2.0,2.0,1.0,1.0,0.0,0.0,2.0
80,cn2en,2021/04/08,2021/10/17,6.0,6.0,2.0,2.0,1.0,1.0,0.0,0.0,2.0
68,en2cn,2021/04/08,2021/10/17,6.0,6.0,2.0,2.0,1.0,1.0,0.0,0.0,2.0
91,cn2en,2021/04/08,2021/10/17,6.0,6.0,2.0,2.0,1.0,1.0,0.0,0.0,2.0
59,cn2en,2021/04/08,2021/10/17,6.0,6.0,2.0,2.0,1.0,1.0,0.0,0.0,2.0
81,en2cn,2021/04/08,2021/10/20,6.0,6.0,2.0,2.0,1.0,1.0,0.0,0.0,2.0
70,en2cn,2021/04/08,2021/10/17,3.0,6.0,0.0,2.0,0.0,2.0,0.0,1.0,1.0
76,en2cn,2021/04/08,2021/10/17,3.0,6.0,0.0,2.0,0.0,2.0,0.0,1.0,1.0
66,en2cn,2021/04/08,2021/10/20,6.0,6.0,2.0,2.0,1.0,1.0,0.0,0.0,2.0
89,en2cn,2021/04/08,2021/10/20,6.0,6.0,2.0,2.0,1.0,1.0,0.0,0.0,2.0
83,cn2en,2021/04/08,2021/10/17,6.0,6.0,2.0,2.0,1.0,1.0,0.0,0.0,2.0
80,en2cn,2021/04/08,2021/10/17,6.0,6.0,2.0,2.0,1.0,1.0,0.0,0.0,2.0
77,en2cn,2021/04/08,2021/10/17,6.0,6.0,2.0,2.0,1.0,1.0,0.0,0.0,2.0
65,cn2en,2021/04/08,2021/10/17,6.0,6.0,2.0,2.0,1.0,1.0,0.0,0.0,2.0
88,en2cn,2021/04/08,2021/10/22,4.0,2.0,1.0,3.0,3.0,0.0,1.0,1.0,1.0
72,en2cn,2021/04/08,2021/10/17,6.0,6.0,2.0,2.0,1.0,1.0,0.0,0.0,2.0
83,en2cn,2021/04/08,2021/10/17,6.0,6.0,2.0,2.0,1.0,1.0,0.0,0.0,2.0
75,en2cn,2021/04/08,2021/10/21,6.0,6.0,2.0,2.0,1.0,1.0,0.0,0.0,2.0
82,cn2en,2021/04/08,2021/10/17,6.0,6.0,2.0,2.0,1.0,1.0,0.0,0.0,2.0
60,en2cn,2021/04/08,2021/10/17,6.0,6.0,2.0,2.0,1.0,1.0,0.0,0.0,2.0
69,en2cn,2021/04/08,2021/10/17,6.0,6.0,2.0,2.0,1.0,1.0,0.0,0.0,2.0
87,cn2en,2021/04/08,2021/10/17,6.0,6.0,2.0,2.0,1.0,1.0,0.0,0.0,2.0
86,en2cn,2021/04/08,2021/10/17,6.0,6.0,2.0,2.0,1.0,1.0,0.0,0.0,2.0
72,cn2en,2021/04/08,2021/10/17,6.0,6.0,2.0,2.0,1.0,1.0,0.0,0.0,2.0
74,en2cn,2021/04/08,2021/10/17,6.0,6.0,2.0,2.0,1.0,1.0,0.0,0.0,2.0
89,cn2en,2021/04/08,2021/10/17,6.0,6.0,2.0,2.0,1.0,1.0,0.0,0.0,2.0
120,cn2en,2021/04/21,2021/10/17,6.0,6.0,2.0,2.0,1.0,1.0,0.0,0.0,2.0
111,cn2en,2021/04/21,2021/10/21,5.0,6.0,2.0,2.0,1.0,1.0,0.0,0.0,2.0
109,en2cn,2021/04/21,2021/10/17,6.0,6.0,2.0,2.0,1.0,1.0,0.0,0.0,2.0
105,en2cn,2021/04/21,2021/10/21,4.0,4.0,2.0,2.0,1.0,1.0,0.0,2.0,0.0
98,en2cn,2021/04/21,2021/10/22,5.0,5.0,2.0,2.0,1.0,1.0,0.0,0.0,2.0
114,en2cn,2021/04/21,2021/10/21,3.0,4.0,0.0,2.0,0.0,2.0,0.0,2.0,0.0
121,cn2en,2021/04/21,2021/10/22,6.0,5.0,2.0,2.0,1.0,1.0,0.0,0.0,2.0
110,cn2en,2021/04/21,2021/10/17,6.0,6.0,2.0,2.0,1.0,1.0,0.0,0.0,2.0
111,en2cn,2021/04/21,2021/10/17,6.0,6.0,2.0,2.0,1.0,1.0,0.0,0.0,2.0
101,cn2en,2021/04/21,2021/10/20,6.0,6.0,2.0,2.0,1.0,1.0,0.0,0.0,2.0
110,en2cn,2021/04/21,2021/10/17,6.0,6.0,2.0,2.0,1.0,1.0,0.0,0.0,2.0
124,cn2en,2021/04/21,2021/10/17,6.0,6.0,2.0,2.0,1.0,1.0,0.0,0.0,2.0
118,en2cn,2021/04/21,2021/10/21,4.0,4.0,2.0,2.0,1.0,1.0,0.0,2.0,0.0
108,cn2en,2021/04/21,2021/10/17,6.0,6.0,2.0,2.0,1.0,1.0,0.0,0.0,2.0
113,en2cn,2021/04/21,2021/10/21,5.0,5.0,2.0,2.0,1.0,1.0,0.0,0.0,2.0
125,cn2en,2021/04/21,2021/10/17,6.0,6.0,2.0,2.0,1.0,1.0,0.0,0.0,2.0
121,en2cn,2021/04/21,2021/10/17,3.0,6.0,0.0,2.0,0.0,2.0,0.0,1.0,1.0
116,cn2en,2021/04/21,2021/04/21,5.0,5.0,1.0,1.0,1.0,0.0,0.0,0.0,1.0
123,en2cn,2021/04/21,2021/10/17,6.0,6.0,2.0,2.0,1.0,1.0,0.0,0.0,2.0
102,cn2en,2021/04/21,2021/10/22,4.0,1.0,1.0,6.0,4.0,2.0,5.0,1.0,0.0
117,cn2en,2021/04/21,2021/10/17,6.0,6.0,2.0,2.0,1.0,1.0,0.0,0.0,2.0
112,en2cn,2021/04/21,2021/10/17,3.0,6.0,0.0,2.0,0.0,2.0,0.0,1.0,1.0
106,cn2en,2021/04/21,2021/10/17,6.0,6.0,2.0,2.0,1.0,1.0,0.0,0.0,2.0
97,en2cn,2021/04/21,2021/10/17,6.0,6.0,2.0,2.0,1.0,1.0,0.0,0.0,2.0
100,cn2en,2021/04/21,2021/10/17,6.0,6.0,2.0,2.0,1.0,1.0,0.0,0.0,2.0
98,cn2en,2021/04/21,2021/04/21,5.0,5.0,1.0,1.0,1.0,0.0,0.0,0.0,1.0
123,cn2en,2021/04/21,2021/10/17,6.0,6.0,2.0,2.0,1.0,1.0,0.0,0.0,2.0
99,en2cn,2021/04/21,2021/10/20,6.0,6.0,2.0,2.0,1.0,1.0,0.0,0.0,2.0
115,en2cn,2021/04/21,2021/10/21,5.0,3.0,1.0,2.0,2.0,0.0,0.0,1.0,1.0
114,cn2en,2021/04/21,2021/10/21,4.0,6.0,2.0,2.0,1.0,1.0,0.0,1.0,1.0
109,cn2en,2021/04/21,2021/10/20,6.0,6.0,2.0,2.0,1.0,1.0,0.0,0.0,2.0
113,cn2en,2021/04/21,2021/10/22,4.0,2.0,1.0,3.0,3.0,0.0,1.0,2.0,0.0
119,cn2en,2021/04/21,2021/10/17,6.0,6.0,2.0,2.0,1.0,1.0,0.0,0.0,2.0
117,en2cn,2021/04/21,2021/10/21,6.0,6.0,2.0,2.0,1.0,1.0,0.0,0.0,2.0
99,cn2en,2021/04/21,2021/10/17,6.0,6.0,2.0,2.0,1.0,1.0,0.0,0.0,2.0
118,cn2en,2021/04/21,2021/10/22,4.0,2.0,1.0,3.0,3.0,0.0,1.0,1.0,1.0
96,cn2en,2021/04/21,2021/10/21,6.0,6.0,2.0,2.0,1.0,1.0,0.0,0.0,2.0
108,en2cn,2021/04/21,2021/10/17,6.0,6.0,2.0,2.0,1.0,1.0,0.0,0.0,2.0
120,en2cn,2021/04/21,2021/10/21,6.0,6.0,2.0,2.0,1.0,1.0,0.0,0.0,2.0
106,en2cn,2021/04/21,2021/10/17,6.0,6.0,2.0,2.0,1.0,1.0,0.0,0.0,2.0
107,cn2en,2021/04/21,2021/10/21,5.0,4.0,2.0,2.0,1.0,1.0,0.0,1.0,1.0
103,cn2en,2021/04/21,2021/10/21,5.0,4.0,2.0,2.0,1.0,1.0,0.0,1.0,1.0
122,en2cn,2021/04/21,2021/10/21,5.0,6.0,2.0,2.0,1.0,1.0,0.0,0.0,2.0
100,en2cn,2021/04/21,2021/10/17,6.0,6.0,2.0,2.0,1.0,1.0,0.0,0.0,2.0
124,en2cn,2021/04/21,2021/10/17,6.0,6.0,2.0,2.0,1.0,1.0,0.0,0.0,2.0
115,cn2en,2021/04/21,2021/10/17,6.0,6.0,2.0,2.0,1.0,1.0,0.0,0.0,2.0
105,cn2en,2021/04/21,2021/10/17,6.0,6.0,2.0,2.0,1.0,1.0,0.0,0.0,2.0
102,en2cn,2021/04/21,2021/10/21,5.0,4.0,2.0,2.0,1.0,1.0,0.0,1.0,1.0
116,en2cn,2021/04/21,2021/10/17,6.0,6.0,2.0,2.0,1.0,1.0,0.0,0.0,2.0
101,en2cn,2021/04/21,2021/10/17,6.0,6.0,2.0,2.0,1.0,1.0,0.0,0.0,2.0
107,en2cn,2021/04/21,2021/10/20,4.0,6.0,2.0,2.0,1.0,1.0,0.0,1.0,1.0
103,en2cn,2021/04/21,2021/10/17,6.0,6.0,2.0,2.0,1.0,1.0,0.0,0.0,2.0
112,cn2en,2021/04/21,2021/10/17,5.0,6.0,2.0,2.0,1.0,1.0,0.0,0.0,2.0
104,en2cn,2021/04/21,2021/10/22,6.0,5.0,2.0,2.0,1.0,1.0,0.0,0.0,2.0
125,en2cn,2021/04/21,2021/10/21,6.0,6.0,2.0,2.0,1.0,1.0,0.0,0.0,2.0
96,en2cn,2021/04/21,2021/10/17,6.0,6.0,2.0,2.0,1.0,1.0,0.0,0.0,2.0
119,en2cn,2021/04/21,2021/10/17,6.0,6.0,2.0,2.0,1.0,1.0,0.0,0.0,2.0
104,cn2en,2021/04/21,2021/10/17,6.0,6.0,2.0,2.0,1.0,1.0,0.0,0.0,2.0
122,cn2en,2021/04/21,2021/10/17,6.0,6.0,2.0,2.0,1.0,1.0,0.0,0.0,2.0
97,cn2en,2021/04/21,2021/10/20,6.0,6.0,2.0,2.0,1.0,1.0,0.0,0.0,2.0
142,en2cn,2021/04/22,2021/10/21,5.0,6.0,2.0,2.0,1.0,1.0,0.0,0.0,2.0
132,en2cn,2021/04/22,2021/10/21,6.0,6.0,2.0,2.0,1.0,1.0,0.0,0.0,2.0
145,en2cn,2021/04/22,2021/10/20,3.0,2.0,0.0,2.0,1.0,1.0,1.0,1.0,0.0
126,cn2en,2021/04/22,2021/10/17,6.0,6.0,2.0,2.0,1.0,1.0,0.0,0.0,2.0
139,cn2en,2021/04/22,2021/10/17,6.0,6.0,2.0,2.0,1.0,1.0,0.0,0.0,2.0
144,en2cn,2021/04/22,2021/10/17,6.0,6.0,2.0,2.0,1.0,1.0,0.0,0.0,2.0
173,en2cn,2021/04/22,2021/10/20,3.0,2.0,0.0,2.0,1.0,1.0,1.0,1.0,0.0
167,cn2en,2021/04/22,2021/04/22,5.0,5.0,1.0,1.0,1.0,0.0,0.0,0.0,1.0
146,en2cn,2021/04/22,2021/10/20,4.0,1.0,1.0,2.0,2.0,0.0,1.0,1.0,0.0
162,cn2en,2021/04/22,2021/04/22,3.0,3.0,0.0,1.0,0.0,1.0,0.0,1.0,0.0
141,en2cn,2021/04/22,2021/10/21,3.0,3.0,0.0,2.0,1.0,1.0,0.0,2.0,0.0
154,cn2en,2021/04/22,2021/10/17,6.0,6.0,2.0,2.0,1.0,1.0,0.0,0.0,2.0
161,cn2en,2021/04/22,2021/10/17,6.0,6.0,2.0,2.0,1.0,1.0,0.0,0.0,2.0
164,en2cn,2021/04/22,2021/10/21,3.0,3.0,0.0,2.0,1.0,1.0,0.0,2.0,0.0
157,cn2en,2021/04/22,2021/10/21,3.0,5.0,0.0,2.0,0.0,2.0,0.0,1.0,1.0
155,cn2en,2021/04/22,2021/04/22,3.0,3.0,0.0,1.0,0.0,1.0,0.0,1.0,0.0
143,en2cn,2021/04/22,2021/10/17,6.0,6.0,2.0,2.0,1.0,1.0,0.0,0.0,2.0
168,en2cn,2021/04/22,2021/10/21,6.0,5.0,2.0,2.0,1.0,1.0,0.0,0.0,2.0
130,en2cn,2021/04/22,2021/04/22,3.0,3.0,0.0,1.0,0.0,1.0,0.0,1.0,0.0
127,en2cn,2021/04/22,2021/10/17,6.0,6.0,2.0,2.0,1.0,1.0,0.0,0.0,2.0
151,en2cn,2021/04/22,2021/10/22,6.0,5.0,2.0,2.0,1.0,1.0,0.0,0.0,2.0
133,en2cn,2021/04/22,2021/10/17,6.0,6.0,2.0,2.0,1.0,1.0,0.0,0.0,2.0
133,cn2en,2021/04/22,2021/10/17,6.0,6.0,2.0,2.0,1.0,1.0,0.0,0.0,2.0
129,en2cn,2021/04/22,2021/10/20,3.0,2.0,0.0,2.0,1.0,1.0,1.0,1.0,0.0
165,en2cn,2021/04/22,2021/10/22,5.0,5.0,2.0,2.0,1.0,1.0,0.0,0.0,2.0
155,en2cn,2021/04/22,2021/04/22,5.0,5.0,1.0,1.0,1.0,0.0,0.0,0.0,1.0
135,en2cn,2021/04/22,2021/10/21,5.0,4.0,2.0,2.0,1.0,1.0,0.0,1.0,1.0
145,cn2en,2021/04/22,2021/10/21,5.0,4.0,2.0,2.0,1.0,1.0,0.0,1.0,1.0
174,cn2en,2021/04/22,2021/10/17,6.0,6.0,2.0,2.0,1.0,1.0,0.0,0.0,2.0
156,en2cn,2021/04/22,2021/10/20,6.0,6.0,2.0,2.0,1.0,1.0,0.0,0.0,2.0
171,en2cn,2021/04/22,2021/10/17,6.0,6.0,2.0,2.0,1.0,1.0,0.0,0.0,2.0
172,en2cn,2021/04/22,2021/10/17,6.0,6.0,2.0,2.0,1.0,1.0,0.0,0.0,2.0
163,en2cn,2021/04/22,2021/10/17,3.0,6.0,0.0,2.0,0.0,2.0,0.0,1.0,1.0
127,cn2en,2021/04/22,2021/10/21,6.0,6.0,2.0,2.0,1.0,1.0,0.0,0.0,2.0
136,en2cn,2021/04/22,2021/04/22,5.0,5.0,1.0,1.0,1.0,0.0,0.0,0.0,1.0
152,cn2en,2021/04/22,2021/10/17,6.0,6.0,2.0,2.0,1.0,1.0,0.0,0.0,2.0
172,cn2en,2021/04/22,2021/10/21,3.0,6.0,0.0,2.0,0.0,2.0,0.0,1.0,1.0
161,en2cn,2021/04/22,2021/10/17,6.0,6.0,2.0,2.0,1.0,1.0,0.0,0.0,2.0
149,cn2en,2021/04/22,2021/04/22,5.0,5.0,1.0,1.0,1.0,0.0,0.0,0.0,1.0
163,cn2en,2021/04/22,2021/10/17,6.0,6.0,2.0,2.0,1.0,1.0,0.0,0.0,2.0
159,en2cn,2021/04/22,2021/10/17,3.0,6.0,0.0,2.0,0.0,2.0,0.0,1.0,1.0
130,cn2en,2021/04/22,2021/10/22,1.0,2.0,0.0,3.0,2.0,1.0,2.0,1.0,0.0
150,cn2en,2021/04/22,2021/10/20,5.0,1.0,1.0,3.0,2.0,1.0,2.0,0.0,1.0
158,cn2en,2021/04/22,2021/10/22,3.0,5.0,0.0,2.0,0.0,2.0,0.0,1.0,1.0
132,cn2en,2021/04/22,2021/10/21,6.0,6.0,2.0,2.0,1.0,1.0,0.0,0.0,2.0
169,cn2en,2021/04/22,2021/10/17,6.0,6.0,2.0,2.0,1.0,1.0,0.0,0.0,2.0
137,cn2en,2021/04/22,2021/10/17,6.0,6.0,2.0,2.0,1.0,1.0,0.0,0.0,2.0
152,en2cn,2021/04/22,2021/10/17,6.0,6.0,2.0,2.0,1.0,1.0,0.0,0.0,2.0
174,en2cn,2021/04/22,2021/10/20,6.0,6.0,2.0,2.0,1.0,1.0,0.0,0.0,2.0
142,cn2en,2021/04/22,2021/10/21,6.0,6.0,2.0,2.0,1.0,1.0,0.0,0.0,2.0
171,cn2en,2021/04/22,2021/10/17,6.0,6.0,2.0,2.0,1.0,1.0,0.0,0.0,2.0
164,cn2en,2021/04/22,2021/10/21,6.0,6.0,2.0,2.0,1.0,1.0,0.0,0.0,2.0
128,en2cn,2021/04/22,2021/04/22,3.0,3.0,0.0,1.0,0.0,1.0,0.0,1.0,0.0
166,en2cn,2021/04/22,2021/10/21,4.0,4.0,2.0,2.0,1.0,1.0,0.0,2.0,0.0
166,cn2en,2021/04/22,2021/10/21,6.0,5.0,2.0,2.0,1.0,1.0,0.0,0.0,2.0
138,en2cn,2021/04/22,2021/10/21,6.0,6.0,2.0,2.0,1.0,1.0,0.0,0.0,2.0
139,en2cn,2021/04/22,2021/10/17,6.0,6.0,2.0,2.0,1.0,1.0,0.0,0.0,2.0
149,en2cn,2021/04/22,2021/10/17,6.0,6.0,2.0,2.0,1.0,1.0,0.0,0.0,2.0
160,cn2en,2021/04/22,2021/10/21,6.0,6.0,2.0,2.0,1.0,1.0,0.0,0.0,2.0
131,cn2en,2021/04/22,2021/10/20,4.0,1.0,1.0,3.0,2.0,1.0,2.0,1.0,0.0
140,en2cn,2021/04/22,2021/10/20,3.0,2.0,0.0,2.0,1.0,1.0,1.0,1.0,0.0
143,cn2en,2021/04/22,2021/10/17,5.0,6.0,2.0,2.0,1.0,1.0,0.0,0.0,2.0
128,cn2en,2021/04/22,2021/10/17,6.0,6.0,2.0,2.0,1.0,1.0,0.0,0.0,2.0
169,en2cn,2021/04/22,2021/10/17,6.0,6.0,2.0,2.0,1.0,1.0,0.0,0.0,2.0
126,en2cn,2021/04/22,2021/04/22,3.0,3.0,0.0,1.0,0.0,1.0,0.0,1.0,0.0
159,cn2en,2021/04/22,2021/10/22,4.0,2.0,1.0,3.0,3.0,0.0,1.0,1.0,1.0
129,cn2en,2021/04/22,2021/04/22,5.0,5.0,1.0,1.0,1.0,0.0,0.0,0.0,1.0
134,cn2en,2021/04/22,2021/10/17,6.0,6.0,2.0,2.0,1.0,1.0,0.0,0.0,2.0
158,en2cn,2021/04/22,2021/10/17,6.0,6.0,2.0,2.0,1.0,1.0,0.0,0.0,2.0
160,en2cn,2021/04/22,2021/10/21,6.0,6.0,2.0,2.0,1.0,1.0,0.0,0.0,2.0
147,en2cn,2021/04/22,2021/10/22,6.0,5.0,2.0,2.0,1.0,1.0,0.0,0.0,2.0
151,cn2en,2021/04/22,2021/10/21,5.0,6.0,2.0,2.0,1.0,1.0,0.0,0.0,2.0
168,cn2en,2021/04/22,2021/10/21,6.0,4.0,2.0,2.0,1.0,1.0,0.0,1.0,1.0
144,cn2en,2021/04/22,2021/10/21,6.0,6.0,2.0,2.0,1.0,1.0,0.0,0.0,2.0
170,cn2en,2021/04/22,2021/10/17,6.0,6.0,2.0,2.0,1.0,1.0,0.0,0.0,2.0
165,cn2en,2021/04/22,2021/10/17,3.0,6.0,0.0,2.0,0.0,2.0,0.0,1.0,1.0
173,cn2en,2021/04/22,2021/10/21,3.0,4.0,0.0,2.0,0.0,2.0,0.0,2.0,0.0
140,cn2en,2021/04/22,2021/10/17,5.0,6.0,2.0,2.0,1.0,1.0,0.0,0.0,2.0
135,cn2en,2021/04/22,2021/10/20,6.0,6.0,2.0,2.0,1.0,1.0,0.0,0.0,2.0
170,en2cn,2021/04/22,2021/10/17,6.0,6.0,2.0,2.0,1.0,1.0,0.0,0.0,2.0
138,cn2en,2021/04/22,2021/10/21,6.0,6.0,2.0,2.0,1.0,1.0,0.0,0.0,2.0
131,en2cn,2021/04/22,2021/04/22,5.0,5.0,1.0,1.0,1.0,0.0,0.0,0.0,1.0
134,en2cn,2021/04/22,2021/10/17,6.0,6.0,2.0,2.0,1.0,1.0,0.0,0.0,2.0
157,en2cn,2021/04/22,2021/04/22,5.0,5.0,1.0,1.0,1.0,0.0,0.0,0.0,1.0
147,cn2en,2021/04/22,2021/10/17,6.0,6.0,2.0,2.0,1.0,1.0,0.0,0.0,2.0
136,cn2en,2021/04/22,2021/10/20,5.0,6.0,2.0,2.0,1.0,1.0,0.0,0.0,2.0
153,en2cn,2021/04/22,2021/04/22,5.0,5.0,1.0,1.0,1.0,0.0,0.0,0.0,1.0
150,en2cn,2021/04/22,2021/10/21,5.0,5.0,2.0,2.0,1.0,1.0,0.0,0.0,2.0
154,en2cn,2021/04/22,2021/10/22,6.0,5.0,2.0,2.0,1.0,1.0,0.0,0.0,2.0
148,cn2en,2021/04/22,2021/10/20,4.0,1.0,1.0,3.0,2.0,1.0,2.0,1.0,0.0
156,cn2en,2021/04/22,2021/10/17,6.0,6.0,2.0,2.0,1.0,1.0,0.0,0.0,2.0
162,en2cn,2021/04/22,2021/10/17,5.0,6.0,2.0,2.0,1.0,1.0,0.0,0.0,2.0
141,cn2en,2021/04/22,2021/10/21,6.0,6.0,2.0,2.0,1.0,1.0,0.0,0.0,2.0
137,en2cn,2021/04/22,2021/04/22,5.0,5.0,1.0,1.0,1.0,0.0,0.0,0.0,1.0
167,en2cn,2021/04/22,2021/10/21,4.0,6.0,2.0,2.0,1.0,1.0,0.0,1.0,1.0
146,cn2en,2021/04/22,2021/10/21,4.0,4.0,2.0,2.0,1.0,1.0,0.0,2.0,0.0
148,en2cn,2021/04/22,2021/10/20,4.0,1.0,1.0,2.0,2.0,0.0,1.0,1.0,0.0
153,cn2en,2021/04/22,2021/10/17,6.0,6.0,2.0,2.0,1.0,1.0,0.0,0.0,2.0
178,en2cn,2021/06/19,2021/06/19,3.0,3.0,0.0,1.0,0.0,1.0,0.0,1.0,0.0
193,en2cn,2021/06/19,2021/10/21,4.0,4.0,2.0,2.0,1.0,1.0,0.0,2.0,0.0
177,cn2en,2021/06/19,2021/06/19,5.0,5.0,1.0,1.0,1.0,0.0,0.0,0.0,1.0
175,cn2en,2021/06/19,2021/06/19,5.0,5.0,1.0,1.0,1.0,0.0,0.0,0.0,1.0
186,cn2en,2021/06/19,2021/10/21,5.0,4.0,2.0,2.0,1.0,1.0,0.0,1.0,1.0
193,cn2en,2021/06/19,2021/06/19,5.0,5.0,1.0,1.0,1.0,0.0,0.0,0.0,1.0
184,en2cn,2021/06/19,2021/06/19,3.0,3.0,0.0,1.0,0.0,1.0,0.0,1.0,0.0
194,cn2en,2021/06/19,2021/10/21,5.0,4.0,2.0,2.0,1.0,1.0,0.0,1.0,1.0
190,en2cn,2021/06/19,2021/10/22,6.0,6.0,2.0,2.0,1.0,1.0,0.0,0.0,2.0
194,en2cn,2021/06/19,2021/06/19,5.0,5.0,1.0,1.0,1.0,0.0,0.0,0.0,1.0
176,cn2en,2021/06/19,2021/10/22,6.0,6.0,2.0,2.0,1.0,1.0,0.0,0.0,2.0
187,en2cn,2021/06/19,2021/10/20,4.0,2.0,1.0,3.0,2.0,1.0,2.0,1.0,0.0
179,en2cn,2021/06/19,2021/06/19,5.0,5.0,1.0,1.0,1.0,0.0,0.0,0.0,1.0
188,en2cn,2021/06/19,2021/06/19,5.0,5.0,1.0,1.0,1.0,0.0,0.0,0.0,1.0
177,en2cn,2021/06/19,2021/06/19,5.0,5.0,1.0,1.0,1.0,0.0,0.0,0.0,1.0
189,en2cn,2021/06/19,2021/06/19,5.0,5.0,1.0,1.0,1.0,0.0,0.0,0.0,1.0
182,cn2en,2021/06/19,2021/10/21,3.0,4.0,0.0,2.0,0.0,2.0,0.0,2.0,0.0
182,en2cn,2021/06/19,2021/10/21,5.0,4.0,2.0,2.0,1.0,1.0,0.0,1.0,1.0
186,en2cn,2021/06/19,2021/10/22,5.0,6.0,2.0,2.0,1.0,1.0,0.0,0.0,2.0
190,cn2en,2021/06/19,2021/10/22,3.0,6.0,0.0,2.0,0.0,2.0,0.0,1.0,1.0
175,en2cn,2021/06/19,2021/10/22,6.0,6.0,2.0,2.0,1.0,1.0,0.0,0.0,2.0
192,cn2en,2021/06/19,2021/10/21,5.0,4.0,2.0,2.0,1.0,1.0,0.0,1.0,1.0
189,cn2en,2021/06/19,2021/06/19,6.0,6.0,1.0,1.0,1.0,0.0,0.0,0.0,1.0
187,cn2en,2021/06/19,2021/10/21,3.0,4.0,0.0,2.0,0.0,2.0,0.0,2.0,0.0
191,cn2en,2021/06/19,2021/06/19,5.0,5.0,1.0,1.0,1.0,0.0,0.0,0.0,1.0
181,en2cn,2021/06/19,2021/06/19,5.0,5.0,1.0,1.0,1.0,0.0,0.0,0.0,1.0
183,en2cn,2021/06/19,2021/10/21,4.0,4.0,2.0,2.0,1.0,1.0,0.0,2.0,0.0
180,cn2en,2021/06/19,2021/06/19,5.0,5.0,1.0,1.0,1.0,0.0,0.0,0.0,1.0
183,cn2en,2021/06/19,2021/10/21,6.0,6.0,2.0,2.0,1.0,1.0,0.0,0.0,2.0
180,en2cn,2021/06/19,2021/10/22,6.0,6.0,2.0,2.0,1.0,1.0,0.0,0.0,2.0
181,cn2en,2021/06/19,2021/06/19,5.0,5.0,1.0,1.0,1.0,0.0,0.0,0.0,1.0
185,en2cn,2021/06/19,2021/10/21,6.0,6.0,2.0,2.0,1.0,1.0,0.0,0.0,2.0
178,cn2en,2021/06/19,2021/10/21,3.0,6.0,0.0,2.0,0.0,2.0,0.0,1.0,1.0
191,en2cn,2021/06/19,2021/10/21,6.0,6.0,2.0,2.0,1.0,1.0,0.0,0.0,2.0
176,en2cn,2021/06/19,2021/06/19,6.0,6.0,1.0,1.0,1.0,0.0,0.0,0.0,1.0
185,cn2en,2021/06/19,2021/10/22,6.0,6.0,2.0,2.0,1.0,1.0,0.0,0.0,2.0
184,cn2en,2021/06/19,2021/10/22,3.0,6.0,0.0,2.0,0.0,2.0,0.0,1.0,1.0
179,cn2en,2021/06/19,2021/10/22,3.0,6.0,0.0,2.0,0.0,2.0,0.0,1.0,1.0
192,en2cn,2021/06/19,2021/10/21,6.0,6.0,2.0,2.0,1.0,1.0,0.0,0.0,2.0
188,cn2en,2021/06/19,2021/10/22,6.0,6.0,2.0,2.0,1.0,1.0,0.0,0.0,2.0
205,en2cn,2021/06/19,2021/10/21,6.0,6.0,2.0,2.0,1.0,1.0,0.0,0.0,2.0
198,en2cn,2021/06/19,2021/10/21,6.0,4.0,2.0,2.0,1.0,1.0,0.0,1.0,1.0
205,cn2en,2021/06/19,2021/06/19,6.0,6.0,1.0,1.0,1.0,0.0,0.0,0.0,1.0
204,en2cn,2021/06/19,2021/10/21,6.0,6.0,2.0,2.0,1.0,1.0,0.0,0.0,2.0
200,en2cn,2021/06/19,2021/06/19,6.0,6.0,1.0,1.0,1.0,0.0,0.0,0.0,1.0
199,cn2en,2021/06/19,2021/10/20,5.0,1.0,1.0,2.0,2.0,0.0,1.0,0.0,1.0
202,cn2en,2021/06/19,2021/10/22,6.0,6.0,2.0,2.0,1.0,1.0,0.0,0.0,2.0
200,cn2en,2021/06/19,2021/06/19,5.0,5.0,1.0,1.0,1.0,0.0,0.0,0.0,1.0
207,cn2en,2021/06/19,2021/10/20,3.0,2.0,0.0,3.0,1.0,2.0,2.0,1.0,0.0
201,en2cn,2021/06/19,2021/06/19,3.0,3.0,0.0,1.0,0.0,1.0,0.0,1.0,0.0
198,cn2en,2021/06/19,2021/10/21,6.0,6.0,2.0,2.0,1.0,1.0,0.0,0.0,2.0
203,cn2en,2021/06/19,2021/10/22,3.0,6.0,0.0,2.0,0.0,2.0,0.0,1.0,1.0
195,cn2en,2021/06/19,2021/10/22,6.0,6.0,2.0,2.0,1.0,1.0,0.0,0.0,2.0
196,cn2en,2021/06/19,2021/06/21,3.0,2.0,0.0,2.0,1.0,1.0,1.0,1.0,0.0
201,cn2en,2021/06/19,2021/06/19,5.0,5.0,1.0,1.0,1.0,0.0,0.0,0.0,1.0
206,cn2en,2021/06/19,2021/06/21,3.0,2.0,0.0,2.0,1.0,1.0,1.0,1.0,0.0
195,en2cn,2021/06/19,2021/10/22,6.0,6.0,2.0,2.0,1.0,1.0,0.0,0.0,2.0
207,en2cn,2021/06/19,2021/10/20,5.0,2.0,1.0,2.0,2.0,0.0,1.0,0.0,1.0
197,en2cn,2021/06/19,2021/06/19,6.0,6.0,1.0,1.0,1.0,0.0,0.0,0.0,1.0
203,en2cn,2021/06/19,2021/10/21,6.0,6.0,2.0,2.0,1.0,1.0,0.0,0.0,2.0
199,en2cn,2021/06/19,2021/10/22,5.0,2.0,1.0,2.0,2.0,0.0,1.0,0.0,1.0
206,en2cn,2021/06/19,2021/10/20,4.0,1.0,1.0,3.0,2.0,1.0,2.0,1.0,0.0
202,en2cn,2021/06/19,2021/10/22,5.0,6.0,2.0,2.0,1.0,1.0,0.0,0.0,2.0
197,cn2en,2021/06/19,2021/06/19,5.0,5.0,1.0,1.0,1.0,0.0,0.0,0.0,1.0
196,en2cn,2021/06/19,2021/10/21,5.0,4.0,2.0,2.0,1.0,1.0,0.0,1.0,1.0
204,cn2en,2021/06/19,2021/10/21,6.0,6.0,2.0,2.0,1.0,1.0,0.0,0.0,2.0
209,cn2en,2021/06/19,2021/06/19,5.0,5.0,1.0,1.0,1.0,0.0,0.0,0.0,1.0
214,en2cn,2021/06/19,2021/06/19,5.0,5.0,1.0,1.0,1.0,0.0,0.0,0.0,1.0
212,en2cn,2021/06/19,2021/10/21,6.0,6.0,2.0,2.0,1.0,1.0,0.0,0.0,2.0
208,cn2en,2021/06/19,2021/10/21,4.0,4.0,2.0,2.0,1.0,1.0,0.0,2.0,0.0
211,cn2en,2021/06/19,2021/06/19,3.0,3.0,0.0,1.0,0.0,1.0,0.0,1.0,0.0
211,en2cn,2021/06/19,2021/10/22,2.0,2.0,0.0,3.0,2.0,1.0,2.0,1.0,0.0
209,en2cn,2021/06/19,2021/10/22,6.0,6.0,2.0,2.0,1.0,1.0,0.0,0.0,2.0
210,en2cn,2021/06/19,2021/06/19,3.0,3.0,0.0,1.0,0.0,1.0,0.0,1.0,0.0
213,en2cn,2021/06/19,2021/10/21,5.0,4.0,2.0,2.0,1.0,1.0,0.0,1.0,1.0
215,en2cn,2021/06/19,2021/10/20,5.0,1.0,1.0,2.0,2.0,0.0,1.0,0.0,1.0
210,cn2en,2021/06/19,2021/10/22,4.0,2.0,1.0,3.0,3.0,0.0,1.0,2.0,0.0
208,en2cn,2021/06/19,2021/06/19,5.0,5.0,1.0,1.0,1.0,0.0,0.0,0.0,1.0
215,cn2en,2021/06/19,2021/06/19,3.0,3.0,0.0,1.0,0.0,1.0,0.0,1.0,0.0
217,en2cn,2021/06/19,2021/10/22,5.0,6.0,2.0,2.0,1.0,1.0,0.0,0.0,2.0
212,cn2en,2021/06/19,2021/06/19,6.0,6.0,1.0,1.0,1.0,0.0,0.0,0.0,1.0
213,cn2en,2021/06/19,2021/10/21,4.0,6.0,2.0,2.0,1.0,1.0,0.0,1.0,1.0
217,cn2en,2021/06/19,2021/10/21,6.0,6.0,2.0,2.0,1.0,1.0,0.0,0.0,2.0
214,cn2en,2021/06/19,2021/10/21,6.0,6.0,2.0,2.0,1.0,1.0,0.0,0.0,2.0
216,cn2en,2021/06/19,2021/06/19,3.0,3.0,0.0,1.0,0.0,1.0,0.0,1.0,0.0
216,en2cn,2021/06/19,2021/06/19,3.0,3.0,0.0,1.0,0.0,1.0,0.0,1.0,0.0
236,en2cn,2021/06/21,2021/06/21,5.0,5.0,1.0,1.0,1.0,0.0,0.0,0.0,1.0
219,cn2en,2021/06/21,2021/10/21,6.0,6.0,2.0,2.0,1.0,1.0,0.0,0.0,2.0
232,en2cn,2021/06/21,2021/10/22,3.0,6.0,0.0,2.0,0.0,2.0,0.0,1.0,1.0
230,cn2en,2021/06/21,2021/10/21,4.0,4.0,2.0,2.0,1.0,1.0,0.0,2.0,0.0
236,cn2en,2021/06/21,2021/10/21,6.0,6.0,2.0,2.0,1.0,1.0,0.0,0.0,2.0
224,en2cn,2021/06/21,2021/06/21,3.0,3.0,0.0,1.0,0.0,1.0,0.0,1.0,0.0
239,cn2en,2021/06/21,2021/10/21,6.0,6.0,2.0,2.0,1.0,1.0,0.0,0.0,2.0
220,en2cn,2021/06/21,2021/10/22,6.0,6.0,2.0,2.0,1.0,1.0,0.0,0.0,2.0
227,en2cn,2021/06/21,2021/10/22,6.0,6.0,2.0,2.0,1.0,1.0,0.0,0.0,2.0
232,cn2en,2021/06/21,2021/10/21,5.0,6.0,2.0,2.0,1.0,1.0,0.0,0.0,2.0
237,en2cn,2021/06/21,2021/06/21,5.0,5.0,1.0,1.0,1.0,0.0,0.0,0.0,1.0
220,cn2en,2021/06/21,2021/10/22,6.0,6.0,2.0,2.0,1.0,1.0,0.0,0.0,2.0
223,cn2en,2021/06/21,2021/06/21,5.0,5.0,1.0,1.0,1.0,0.0,0.0,0.0,1.0
218,en2cn,2021/06/21,2021/10/21,5.0,4.0,2.0,2.0,1.0,1.0,0.0,1.0,1.0
221,cn2en,2021/06/21,2021/06/21,5.0,5.0,1.0,1.0,1.0,0.0,0.0,0.0,1.0
227,cn2en,2021/06/21,2021/06/21,6.0,6.0,1.0,1.0,1.0,0.0,0.0,0.0,1.0
225,en2cn,2021/06/21,2021/06/21,3.0,3.0,0.0,1.0,0.0,1.0,0.0,1.0,0.0
242,cn2en,2021/06/21,2021/10/22,4.0,2.0,1.0,4.0,4.0,0.0,2.0,2.0,0.0
234,cn2en,2021/06/21,2021/06/21,3.0,3.0,0.0,1.0,0.0,1.0,0.0,1.0,0.0
234,en2cn,2021/06/21,2021/06/21,5.0,5.0,1.0,1.0,1.0,0.0,0.0,0.0,1.0
228,cn2en,2021/06/21,2021/06/21,6.0,6.0,1.0,1.0,1.0,0.0,0.0,0.0,1.0
222,cn2en,2021/06/21,2021/10/22,5.0,6.0,2.0,2.0,1.0,1.0,0.0,0.0,2.0
237,cn2en,2021/06/21,2021/10/22,6.0,6.0,2.0,2.0,1.0,1.0,0.0,0.0,2.0
225,cn2en,2021/06/21,2021/06/21,6.0,6.0,1.0,1.0,1.0,0.0,0.0,0.0,1.0
233,en2cn,2021/06/21,2021/06/21,3.0,3.0,0.0,1.0,0.0,1.0,0.0,1.0,0.0
224,cn2en,2021/06/21,2021/10/21,3.0,4.0,0.0,2.0,0.0,2.0,0.0,2.0,0.0
238,cn2en,2021/06/21,2021/06/21,3.0,3.0,0.0,1.0,0.0,1.0,0.0,1.0,0.0
229,cn2en,2021/06/21,2021/10/21,5.0,4.0,2.0,2.0,1.0,1.0,0.0,1.0,1.0
231,en2cn,2021/06/21,2021/06/21,5.0,5.0,1.0,1.0,1.0,0.0,0.0,0.0,1.0
221,en2cn,2021/06/21,2021/06/21,5.0,5.0,1.0,1.0,1.0,0.0,0.0,0.0,1.0
230,en2cn,2021/06/21,2021/06/21,5.0,5.0,1.0,1.0,1.0,0.0,0.0,0.0,1.0
239,en2cn,2021/06/21,2021/10/22,5.0,6.0,2.0,2.0,1.0,1.0,0.0,0.0,2.0
231,cn2en,2021/06/21,2021/06/21,6.0,6.0,1.0,1.0,1.0,0.0,0.0,0.0,1.0
219,en2cn,2021/06/21,2021/10/22,6.0,6.0,2.0,2.0,1.0,1.0,0.0,0.0,2.0
222,en2cn,2021/06/21,2021/10/21,3.0,6.0,0.0,2.0,0.0,2.0,0.0,1.0,1.0
235,en2cn,2021/06/21,2021/10/22,6.0,6.0,2.0,2.0,1.0,1.0,0.0,0.0,2.0
218,cn2en,2021/06/21,2021/06/21,5.0,5.0,1.0,1.0,1.0,0.0,0.0,0.0,1.0
242,en2cn,2021/06/21,2021/06/21,5.0,5.0,1.0,1.0,1.0,0.0,0.0,0.0,1.0
241,en2cn,2021/06/21,2021/06/21,5.0,5.0,1.0,1.0,1.0,0.0,0.0,0.0,1.0
240,cn2en,2021/06/21,2021/10/21,4.0,4.0,2.0,2.0,1.0,1.0,0.0,2.0,0.0
229,en2cn,2021/06/21,2021/06/21,5.0,5.0,1.0,1.0,1.0,0.0,0.0,0.0,1.0
235,cn2en,2021/06/21,2021/10/22,6.0,6.0,2.0,2.0,1.0,1.0,0.0,0.0,2.0
228,en2cn,2021/06/21,2021/10/22,3.0,6.0,0.0,2.0,0.0,2.0,0.0,1.0,1.0
240,en2cn,2021/06/21,2021/10/21,4.0,6.0,2.0,2.0,1.0,1.0,0.0,1.0,1.0
223,en2cn,2021/06/21,2021/06/21,5.0,5.0,1.0,1.0,1.0,0.0,0.0,0.0,1.0
241,cn2en,2021/06/21,2021/06/21,5.0,5.0,1.0,1.0,1.0,0.0,0.0,0.0,1.0
238,en2cn,2021/06/21,2021/06/21,5.0,5.0,1.0,1.0,1.0,0.0,0.0,0.0,1.0
226,cn2en,2021/06/21,2021/06/21,3.0,3.0,0.0,1.0,0.0,1.0,0.0,1.0,0.0
233,cn2en,2021/06/21,2021/06/21,6.0,6.0,1.0,1.0,1.0,0.0,0.0,0.0,1.0
226,en2cn,2021/06/21,2021/10/22,4.0,2.0,1.0,3.0,3.0,0.0,1.0,2.0,0.0
257,en2cn,2021/06/23,2021/06/23,5.0,5.0,1.0,1.0,1.0,0.0,0.0,0.0,1.0
275,cn2en,2021/06/23,2021/06/23,3.0,3.0,0.0,1.0,0.0,1.0,0.0,1.0,0.0
264,en2cn,2021/06/23,2021/06/23,3.0,3.0,0.0,1.0,0.0,1.0,0.0,1.0,0.0
265,cn2en,2021/06/23,2021/06/23,6.0,6.0,1.0,1.0,1.0,0.0,0.0,0.0,1.0
271,cn2en,2021/06/23,2021/10/21,6.0,6.0,2.0,2.0,1.0,1.0,0.0,0.0,2.0
255,cn2en,2021/06/23,2021/06/23,3.0,3.0,0.0,1.0,0.0,1.0,0.0,1.0,0.0
274,en2cn,2021/06/23,2021/06/23,3.0,3.0,0.0,1.0,0.0,1.0,0.0,1.0,0.0
246,en2cn,2021/06/23,2021/10/21,4.0,4.0,2.0,2.0,1.0,1.0,0.0,2.0,0.0
247,en2cn,2021/06/23,2021/10/20,4.0,1.0,1.0,2.0,2.0,0.0,1.0,1.0,0.0
254,cn2en,2021/06/23,2021/06/23,5.0,5.0,1.0,1.0,1.0,0.0,0.0,0.0,1.0
255,en2cn,2021/06/23,2021/10/22,4.0,2.0,1.0,3.0,3.0,0.0,1.0,2.0,0.0
253,cn2en,2021/06/23,2021/06/23,3.0,3.0,0.0,1.0,0.0,1.0,0.0,1.0,0.0
271,en2cn,2021/06/23,2021/06/23,5.0,5.0,1.0,1.0,1.0,0.0,0.0,0.0,1.0
264,cn2en,2021/06/23,2021/10/22,3.0,6.0,0.0,2.0,0.0,2.0,0.0,1.0,1.0
250,cn2en,2021/06/23,2021/06/23,5.0,5.0,1.0,1.0,1.0,0.0,0.0,0.0,1.0
251,cn2en,2021/06/23,2021/06/23,3.0,3.0,0.0,1.0,0.0,1.0,0.0,1.0,0.0
272,cn2en,2021/06/23,2021/06/23,3.0,3.0,0.0,1.0,0.0,1.0,0.0,1.0,0.0
259,en2cn,2021/06/23,2021/10/21,5.0,6.0,2.0,2.0,1.0,1.0,0.0,0.0,2.0
265,en2cn,2021/06/23,2021/10/22,6.0,6.0,2.0,2.0,1.0,1.0,0.0,0.0,2.0
262,en2cn,2021/06/23,2021/10/21,6.0,6.0,2.0,2.0,1.0,1.0,0.0,0.0,2.0
269,en2cn,2021/06/23,2021/10/21,3.0,4.0,0.0,2.0,0.0,2.0,0.0,2.0,0.0
252,cn2en,2021/06/23,2021/06/23,5.0,5.0,1.0,1.0,1.0,0.0,0.0,0.0,1.0
259,cn2en,2021/06/23,2021/06/23,6.0,6.0,1.0,1.0,1.0,0.0,0.0,0.0,1.0
261,en2cn,2021/06/23,2021/10/21,5.0,4.0,2.0,2.0,1.0,1.0,0.0,1.0,1.0
267,en2cn,2021/06/23,2021/06/23,3.0,3.0,0.0,1.0,0.0,1.0,0.0,1.0,0.0
253,en2cn,2021/06/23,2021/10/21,3.0,4.0,0.0,2.0,0.0,2.0,0.0,2.0,0.0
249,cn2en,2021/06/23,2021/06/23,5.0,5.0,1.0,1.0,1.0,0.0,0.0,0.0,1.0
249,en2cn,2021/06/23,2021/06/23,5.0,5.0,1.0,1.0,1.0,0.0,0.0,0.0,1.0
263,cn2en,2021/06/23,2021/10/21,6.0,6.0,2.0,2.0,1.0,1.0,0.0,0.0,2.0
258,en2cn,2021/06/23,2021/10/22,6.0,6.0,2.0,2.0,1.0,1.0,0.0,0.0,2.0
276,cn2en,2021/06/23,2021/10/21,4.0,6.0,2.0,2.0,1.0,1.0,0.0,1.0,1.0
263,en2cn,2021/06/23,2021/10/22,6.0,6.0,2.0,2.0,1.0,1.0,0.0,0.0,2.0
277,cn2en,2021/06/23,2021/10/21,6.0,6.0,2.0,2.0,1.0,1.0,0.0,0.0,2.0
245,en2cn,2021/06/23,2021/10/21,6.0,6.0,2.0,2.0,1.0,1.0,0.0,0.0,2.0
268,cn2en,2021/06/23,2021/06/23,5.0,5.0,1.0,1.0,1.0,0.0,0.0,0.0,1.0
243,en2cn,2021/06/23,2021/06/23,3.0,3.0,0.0,1.0,0.0,1.0,0.0,1.0,0.0
275,en2cn,2021/06/23,2021/06/23,5.0,5.0,1.0,1.0,1.0,0.0,0.0,0.0,1.0
257,cn2en,2021/06/23,2021/10/22,4.0,2.0,1.0,3.0,3.0,0.0,1.0,1.0,1.0
272,en2cn,2021/06/23,2021/06/23,5.0,5.0,1.0,1.0,1.0,0.0,0.0,0.0,1.0
243,cn2en,2021/06/23,2021/10/22,6.0,6.0,2.0,2.0,1.0,1.0,0.0,0.0,2.0
270,cn2en,2021/06/23,2021/10/21,4.0,4.0,2.0,2.0,1.0,1.0,0.0,2.0,0.0
256,cn2en,2021/06/23,2021/06/23,5.0,5.0,1.0,1.0,1.0,0.0,0.0,0.0,1.0
276,en2cn,2021/06/23,2021/10/22,4.0,6.0,2.0,2.0,1.0,1.0,0.0,1.0,1.0
268,en2cn,2021/06/23,2021/06/23,6.0,6.0,1.0,1.0,1.0,0.0,0.0,0.0,1.0
267,cn2en,2021/06/23,2021/10/22,5.0,6.0,2.0,2.0,1.0,1.0,0.0,0.0,2.0
245,cn2en,2021/06/23,2021/10/21,5.0,6.0,2.0,2.0,1.0,1.0,0.0,0.0,2.0
274,cn2en,2021/06/23,2021/10/21,6.0,6.0,2.0,2.0,1.0,1.0,0.0,0.0,2.0
262,cn2en,2021/06/23,2021/10/21,6.0,6.0,2.0,2.0,1.0,1.0,0.0,0.0,2.0
247,cn2en,2021/06/23,2021/10/21,4.0,4.0,2.0,2.0,1.0,1.0,0.0,2.0,0.0
273,cn2en,2021/06/23,2021/06/23,3.0,3.0,0.0,1.0,0.0,1.0,0.0,1.0,0.0
244,en2cn,2021/06/23,2021/06/23,5.0,5.0,1.0,1.0,1.0,0.0,0.0,0.0,1.0
251,en2cn,2021/06/23,2021/06/23,5.0,5.0,1.0,1.0,1.0,0.0,0.0,0.0,1.0
260,cn2en,2021/06/23,2021/06/23,6.0,6.0,1.0,1.0,1.0,0.0,0.0,0.0,1.0
273,en2cn,2021/06/23,2021/10/22,2.0,6.0,0.0,2.0,0.0,2.0,1.0,0.0,1.0
246,cn2en,2021/06/23,2021/10/22,6.0,6.0,2.0,2.0,1.0,1.0,0.0,0.0,2.0
266,en2cn,2021/06/23,2021/06/23,5.0,5.0,1.0,1.0,1.0,0.0,0.0,0.0,1.0
266,cn2en,2021/06/23,2021/06/23,5.0,5.0,1.0,1.0,1.0,0.0,0.0,0.0,1.0
258,cn2en,2021/06/23,2021/10/21,6.0,6.0,2.0,2.0,1.0,1.0,0.0,0.0,2.0
269,cn2en,2021/06/23,2021/10/22,6.0,6.0,2.0,2.0,1.0,1.0,0.0,0.0,2.0
277,en2cn,2021/06/23,2021/10/22,6.0,6.0,2.0,2.0,1.0,1.0,0.0,0.0,2.0
254,en2cn,2021/06/23,2021/06/23,6.0,6.0,1.0,1.0,1.0,0.0,0.0,0.0,1.0
270,en2cn,2021/06/23,2021/06/23,5.0,5.0,1.0,1.0,1.0,0.0,0.0,0.0,1.0
248,en2cn,2021/06/23,2021/06/23,5.0,5.0,1.0,1.0,1.0,0.0,0.0,0.0,1.0
244,cn2en,2021/06/23,2021/10/21,6.0,6.0,2.0,2.0,1.0,1.0,0.0,0.0,2.0
260,en2cn,2021/06/23,2021/06/23,6.0,6.0,1.0,1.0,1.0,0.0,0.0,0.0,1.0
250,en2cn,2021/06/23,2021/06/23,5.0,5.0,1.0,1.0,1.0,0.0,0.0,0.0,1.0
261,cn2en,2021/06/23,2021/10/22,6.0,6.0,2.0,2.0,1.0,1.0,0.0,0.0,2.0
248,cn2en,2021/06/23,2021/10/21,6.0,6.0,2.0,2.0,1.0,1.0,0.0,0.0,2.0
252,en2cn,2021/06/23,2021/10/22,3.0,6.0,0.0,2.0,0.0,2.0,0.0,1.0,1.0
256,en2cn,2021/06/23,2021/10/22,5.0,6.0,2.0,2.0,1.0,1.0,0.0,0.0,2.0
290,en2cn,2021/06/23,2021/10/20,3.0,2.0,0.0,2.0,1.0,1.0,1.0,1.0,0.0
296,en2cn,2021/06/23,2021/06/23,5.0,5.0,1.0,1.0,1.0,0.0,0.0,0.0,1.0
291,cn2en,2021/06/23,2021/10/22,3.0,2.0,0.0,3.0,1.0,2.0,2.0,1.0,0.0
293,en2cn,2021/06/23,2021/10/21,3.0,4.0,0.0,2.0,0.0,2.0,0.0,2.0,0.0
283,cn2en,2021/06/23,2021/10/22,2.0,2.0,0.0,3.0,1.0,2.0,3.0,0.0,0.0
290,cn2en,2021/06/23,2021/10/22,1.0,2.0,0.0,3.0,1.0,2.0,3.0,0.0,0.0
283,en2cn,2021/06/23,2021/10/21,4.0,4.0,2.0,2.0,1.0,1.0,0.0,2.0,0.0
281,cn2en,2021/06/23,2021/06/23,3.0,3.0,0.0,1.0,0.0,1.0,0.0,1.0,0.0
279,cn2en,2021/06/23,2021/06/23,3.0,3.0,0.0,1.0,0.0,1.0,0.0,1.0,0.0
295,cn2en,2021/06/23,2021/06/23,3.0,3.0,0.0,1.0,0.0,1.0,0.0,1.0,0.0
284,en2cn,2021/06/23,2021/06/23,5.0,5.0,1.0,1.0,1.0,0.0,0.0,0.0,1.0
280,en2cn,2021/06/23,2021/06/23,5.0,5.0,1.0,1.0,1.0,0.0,0.0,0.0,1.0
286,en2cn,2021/06/23,2021/06/23,5.0,5.0,1.0,1.0,1.0,0.0,0.0,0.0,1.0
292,en2cn,2021/06/23,2021/06/23,3.0,3.0,0.0,1.0,0.0,1.0,0.0,1.0,0.0
293,cn2en,2021/06/23,2021/10/22,6.0,6.0,2.0,2.0,1.0,1.0,0.0,0.0,2.0
301,en2cn,2021/06/23,2021/06/23,5.0,5.0,1.0,1.0,1.0,0.0,0.0,0.0,1.0
281,en2cn,2021/06/23,2021/06/23,5.0,5.0,1.0,1.0,1.0,0.0,0.0,0.0,1.0
285,en2cn,2021/06/23,2021/06/23,5.0,5.0,1.0,1.0,1.0,0.0,0.0,0.0,1.0
282,cn2en,2021/06/23,2021/06/23,5.0,5.0,1.0,1.0,1.0,0.0,0.0,0.0,1.0
301,cn2en,2021/06/23,2021/10/22,6.0,6.0,2.0,2.0,1.0,1.0,0.0,0.0,2.0
300,cn2en,2021/06/23,2021/10/21,6.0,6.0,2.0,2.0,1.0,1.0,0.0,0.0,2.0
300,en2cn,2021/06/23,2021/06/23,6.0,6.0,1.0,1.0,1.0,0.0,0.0,0.0,1.0
297,cn2en,2021/06/23,2021/10/22,4.0,2.0,1.0,3.0,3.0,0.0,1.0,2.0,0.0
294,cn2en,2021/06/23,2021/10/21,3.0,6.0,0.0,2.0,0.0,2.0,0.0,1.0,1.0
285,cn2en,2021/06/23,2021/10/21,5.0,6.0,2.0,2.0,1.0,1.0,0.0,0.0,2.0
278,cn2en,2021/06/23,2021/10/21,6.0,6.0,2.0,2.0,1.0,1.0,0.0,0.0,2.0
288,cn2en,2021/06/23,2021/06/23,3.0,3.0,0.0,1.0,0.0,1.0,0.0,1.0,0.0
298,en2cn,2021/06/23,2021/10/21,5.0,4.0,2.0,2.0,1.0,1.0,0.0,1.0,1.0
299,en2cn,2021/06/23,2021/10/21,5.0,4.0,2.0,2.0,1.0,1.0,0.0,1.0,1.0
289,cn2en,2021/06/23,2021/06/23,5.0,5.0,1.0,1.0,1.0,0.0,0.0,0.0,1.0
279,en2cn,2021/06/23,2021/10/22,3.0,6.0,0.0,2.0,0.0,2.0,0.0,1.0,1.0
287,cn2en,2021/06/23,2021/06/23,6.0,6.0,1.0,1.0,1.0,0.0,0.0,0.0,1.0
296,cn2en,2021/06/23,2021/10/22,5.0,6.0,2.0,2.0,1.0,1.0,0.0,0.0,2.0
299,cn2en,2021/06/23,2021/10/21,6.0,6.0,2.0,2.0,1.0,1.0,0.0,0.0,2.0
294,en2cn,2021/06/23,2021/10/22,5.0,6.0,2.0,2.0,1.0,1.0,0.0,0.0,2.0
286,cn2en,2021/06/23,2021/10/21,5.0,6.0,2.0,2.0,1.0,1.0,0.0,0.0,2.0
295,en2cn,2021/06/23,2021/06/23,6.0,6.0,1.0,1.0,1.0,0.0,0.0,0.0,1.0
287,en2cn,2021/06/23,2021/10/21,5.0,6.0,2.0,2.0,1.0,1.0,0.0,0.0,2.0
280,cn2en,2021/06/23,2021/10/22,3.0,6.0,0.0,2.0,0.0,2.0,0.0,1.0,1.0
278,en2cn,2021/06/23,2021/10/22,6.0,6.0,2.0,2.0,1.0,1.0,0.0,0.0,2.0
297,en2cn,2021/06/23,2021/10/22,6.0,6.0,2.0,2.0,1.0,1.0,0.0,0.0,2.0
282,en2cn,2021/06/23,2021/10/22,3.0,6.0,0.0,2.0,0.0,2.0,0.0,1.0,1.0
284,cn2en,2021/06/23,2021/06/23,6.0,6.0,1.0,1.0,1.0,0.0,0.0,0.0,1.0
291,en2cn,2021/06/23,2021/10/21,3.0,6.0,0.0,2.0,0.0,2.0,0.0,1.0,1.0
292,cn2en,2021/06/23,2021/06/23,5.0,5.0,1.0,1.0,1.0,0.0,0.0,0.0,1.0
298,cn2en,2021/06/23,2021/10/22,6.0,6.0,2.0,2.0,1.0,1.0,0.0,0.0,2.0
289,en2cn,2021/06/23,2021/10/21,6.0,6.0,2.0,2.0,1.0,1.0,0.0,0.0,2.0
302,cn2en,2021/06/23,2021/10/21,5.0,6.0,2.0,2.0,1.0,1.0,0.0,0.0,2.0
288,en2cn,2021/06/23,2021/10/22,3.0,6.0,0.0,2.0,0.0,2.0,0.0,1.0,1.0
302,en2cn,2021/06/23,2021/06/23,5.0,5.0,1.0,1.0,1.0,0.0,0.0,0.0,1.0
338,cn2en,2021/07/18,2021/07/18,4.0,4.0,1.0,1.0,1.0,0.0,0.0,1.0,0.0
339,cn2en,2021/07/18,2021/07/18,5.0,5.0,1.0,1.0,1.0,0.0,0.0,0.0,1.0
335,en2cn,2021/07/18,2021/07/18,3.0,3.0,0.0,1.0,0.0,1.0,0.0,1.0,0.0
305,cn2en,2021/07/18,2021/07/18,5.0,5.0,1.0,1.0,1.0,0.0,0.0,0.0,1.0
342,cn2en,2021/07/18,2021/07/18,5.0,5.0,1.0,1.0,1.0,0.0,0.0,0.0,1.0
307,cn2en,2021/07/18,2021/07/18,3.0,3.0,0.0,1.0,0.0,1.0,0.0,1.0,0.0
334,en2cn,2021/07/18,2021/07/18,3.0,3.0,0.0,1.0,0.0,1.0,0.0,1.0,0.0
330,en2cn,2021/07/18,2021/07/18,6.0,6.0,1.0,1.0,1.0,0.0,0.0,0.0,1.0
344,en2cn,2021/07/18,2021/07/18,3.0,3.0,0.0,1.0,0.0,1.0,0.0,1.0,0.0
303,cn2en,2021/07/18,2021/07/18,5.0,5.0,1.0,1.0,1.0,0.0,0.0,0.0,1.0
304,en2cn,2021/07/18,2021/07/18,3.0,3.0,0.0,1.0,0.0,1.0,0.0,1.0,0.0
327,en2cn,2021/07/18,2021/10/20,4.0,1.0,1.0,2.0,2.0,0.0,1.0,1.0,0.0
306,cn2en,2021/07/18,2021/07/18,3.0,3.0,0.0,1.0,0.0,1.0,0.0,1.0,0.0
340,en2cn,2021/07/18,2021/10/22,4.0,2.0,1.0,3.0,3.0,0.0,1.0,2.0,0.0
313,cn2en,2021/07/18,2021/07/18,3.0,3.0,0.0,1.0,0.0,1.0,0.0,1.0,0.0
332,en2cn,2021/07/18,2021/07/18,3.0,3.0,0.0,1.0,0.0,1.0,0.0,1.0,0.0
340,cn2en,2021/07/18,2021/07/18,5.0,5.0,1.0,1.0,1.0,0.0,0.0,0.0,1.0
311,en2cn,2021/07/18,2021/10/22,6.0,6.0,2.0,2.0,1.0,1.0,0.0,0.0,2.0
307,en2cn,2021/07/18,2021/07/18,5.0,5.0,1.0,1.0,1.0,0.0,0.0,0.0,1.0
343,en2cn,2021/07/18,2021/07/18,5.0,5.0,1.0,1.0,1.0,0.0,0.0,0.0,1.0
323,en2cn,2021/07/18,2021/07/18,3.0,3.0,0.0,1.0,0.0,1.0,0.0,1.0,0.0
345,en2cn,2021/07/18,2021/07/18,3.0,3.0,0.0,1.0,0.0,1.0,0.0,1.0,0.0
316,cn2en,2021/07/18,2021/10/22,4.0,2.0,1.0,4.0,3.0,1.0,3.0,1.0,0.0
323,cn2en,2021/07/18,2021/10/21,3.0,4.0,0.0,2.0,0.0,2.0,0.0,2.0,0.0
305,en2cn,2021/07/18,2021/07/18,5.0,5.0,1.0,1.0,1.0,0.0,0.0,0.0,1.0
331,en2cn,2021/07/18,2021/07/18,3.0,3.0,0.0,1.0,0.0,1.0,0.0,1.0,0.0
341,en2cn,2021/07/18,2021/10/21,3.0,4.0,0.0,2.0,0.0,2.0,0.0,2.0,0.0
324,en2cn,2021/07/18,2021/10/20,4.0,1.0,1.0,2.0,2.0,0.0,1.0,1.0,0.0
344,cn2en,2021/07/18,2021/07/18,5.0,5.0,1.0,1.0,1.0,0.0,0.0,0.0,1.0
303,en2cn,2021/07/18,2021/10/22,4.0,2.0,1.0,3.0,3.0,0.0,1.0,1.0,1.0
308,en2cn,2021/07/18,2021/07/18,3.0,3.0,0.0,1.0,0.0,1.0,0.0,1.0,0.0
317,en2cn,2021/07/18,2021/07/18,3.0,3.0,0.0,1.0,0.0,1.0,0.0,1.0,0.0
331,cn2en,2021/07/18,2021/07/18,5.0,5.0,1.0,1.0,1.0,0.0,0.0,0.0,1.0
317,cn2en,2021/07/18,2021/07/18,5.0,5.0,1.0,1.0,1.0,0.0,0.0,0.0,1.0
319,en2cn,2021/07/18,2021/07/18,5.0,5.0,1.0,1.0,1.0,0.0,0.0,0.0,1.0
337,cn2en,2021/07/18,2021/10/22,1.0,2.0,0.0,3.0,1.0,2.0,3.0,0.0,0.0
326,en2cn,2021/07/18,2021/10/20,4.0,1.0,1.0,2.0,2.0,0.0,1.0,1.0,0.0
342,en2cn,2021/07/18,2021/10/21,3.0,6.0,0.0,2.0,0.0,2.0,0.0,1.0,1.0
318,en2cn,2021/07/18,2021/10/22,6.0,6.0,2.0,2.0,1.0,1.0,0.0,0.0,2.0
338,en2cn,2021/07/18,2021/07/18,6.0,6.0,1.0,1.0,1.0,0.0,0.0,0.0,1.0
327,cn2en,2021/07/18,2021/10/22,4.0,2.0,1.0,2.0,2.0,0.0,1.0,1.0,0.0
326,cn2en,2021/07/18,2021/10/21,5.0,4.0,2.0,2.0,1.0,1.0,0.0,1.0,1.0
319,cn2en,2021/07/18,2021/07/18,5.0,5.0,1.0,1.0,1.0,0.0,0.0,0.0,1.0
336,en2cn,2021/07/18,2021/10/22,6.0,6.0,2.0,2.0,1.0,1.0,0.0,0.0,2.0
335,cn2en,2021/07/18,2021/07/18,6.0,6.0,1.0,1.0,1.0,0.0,0.0,0.0,1.0
310,en2cn,2021/07/18,2021/07/18,3.0,3.0,0.0,1.0,0.0,1.0,0.0,1.0,0.0
330,cn2en,2021/07/18,2021/07/18,6.0,6.0,1.0,1.0,1.0,0.0,0.0,0.0,1.0
311,cn2en,2021/07/18,2021/10/22,6.0,6.0,2.0,2.0,1.0,1.0,0.0,0.0,2.0
343,cn2en,2021/07/18,2021/10/22,6.0,6.0,2.0,2.0,1.0,1.0,0.0,0.0,2.0
320,en2cn,2021/07/18,2021/10/21,6.0,6.0,2.0,2.0,1.0,1.0,0.0,0.0,2.0
325,cn2en,2021/07/18,2021/07/18,3.0,3.0,0.0,1.0,0.0,1.0,0.0,1.0,0.0
312,cn2en,2021/07/18,2021/10/20,5.0,2.0,1.0,2.0,2.0,0.0,1.0,0.0,1.0
309,cn2en,2021/07/18,2021/07/18,5.0,5.0,1.0,1.0,1.0,0.0,0.0,0.0,1.0
315,en2cn,2021/07/18,2021/10/22,2.0,2.0,0.0,2.0,1.0,1.0,2.0,0.0,0.0
316,en2cn,2021/07/18,2021/10/21,4.0,4.0,2.0,2.0,1.0,1.0,0.0,2.0,0.0
328,cn2en,2021/07/18,2021/07/18,5.0,5.0,1.0,1.0,1.0,0.0,0.0,0.0,1.0
322,en2cn,2021/07/18,2021/07/18,5.0,5.0,1.0,1.0,1.0,0.0,0.0,0.0,1.0
329,en2cn,2021/07/18,2021/10/22,3.0,2.0,0.0,3.0,2.0,1.0,1.0,2.0,0.0
318,cn2en,2021/07/18,2021/10/21,6.0,6.0,2.0,2.0,1.0,1.0,0.0,0.0,2.0
304,cn2en,2021/07/18,2021/10/22,6.0,6.0,2.0,2.0,1.0,1.0,0.0,0.0,2.0
312,en2cn,2021/07/18,2021/10/21,6.0,6.0,2.0,2.0,1.0,1.0,0.0,0.0,2.0
336,cn2en,2021/07/18,2021/07/18,6.0,6.0,1.0,1.0,1.0,0.0,0.0,0.0,1.0
334,cn2en,2021/07/18,2021/07/18,6.0,6.0,1.0,1.0,1.0,0.0,0.0,0.0,1.0
306,en2cn,2021/07/18,2021/07/18,6.0,6.0,1.0,1.0,1.0,0.0,0.0,0.0,1.0
333,cn2en,2021/07/18,2021/07/18,3.0,3.0,0.0,1.0,0.0,1.0,0.0,1.0,0.0
315,cn2en,2021/07/18,2021/07/18,6.0,6.0,1.0,1.0,1.0,0.0,0.0,0.0,1.0
337,en2cn,2021/07/18,2021/07/18,5.0,5.0,1.0,1.0,1.0,0.0,0.0,0.0,1.0
324,cn2en,2021/07/18,2021/10/20,4.0,2.0,1.0,2.0,2.0,0.0,1.0,1.0,0.0
345,cn2en,2021/07/18,2021/07/18,5.0,5.0,1.0,1.0,1.0,0.0,0.0,0.0,1.0
328,en2cn,2021/07/18,2021/07/18,6.0,6.0,1.0,1.0,1.0,0.0,0.0,0.0,1.0
322,cn2en,2021/07/18,2021/10/22,6.0,6.0,2.0,2.0,1.0,1.0,0.0,0.0,2.0
308,cn2en,2021/07/18,2021/10/22,3.0,6.0,0.0,2.0,0.0,2.0,0.0,1.0,1.0
313,en2cn,2021/07/18,2021/10/21,3.0,6.0,0.0,2.0,0.0,2.0,0.0,1.0,1.0
309,en2cn,2021/07/18,2021/10/22,6.0,6.0,2.0,2.0,1.0,1.0,0.0,0.0,2.0
320,cn2en,2021/07/18,2021/10/21,5.0,6.0,2.0,2.0,1.0,1.0,0.0,0.0,2.0
333,en2cn,2021/07/18,2021/10/21,3.0,6.0,0.0,2.0,0.0,2.0,0.0,1.0,1.0
314,en2cn,2021/07/18,2021/07/18,3.0,3.0,0.0,1.0,0.0,1.0,0.0,1.0,0.0
321,cn2en,2021/07/18,2021/10/20,4.0,2.0,1.0,2.0,2.0,0.0,1.0,1.0,0.0
329,cn2en,2021/07/18,2021/07/18,5.0,5.0,1.0,1.0,1.0,0.0,0.0,0.0,1.0
332,cn2en,2021/07/18,2021/07/18,4.0,4.0,1.0,1.0,1.0,0.0,0.0,1.0,0.0
310,cn2en,2021/07/18,2021/10/22,3.0,6.0,0.0,2.0,0.0,2.0,0.0,1.0,1.0
325,en2cn,2021/07/18,2021/07/18,5.0,5.0,1.0,1.0,1.0,0.0,0.0,0.0,1.0
321,en2cn,2021/07/18,2021/10/21,5.0,4.0,2.0,2.0,1.0,1.0,0.0,1.0,1.0
314,cn2en,2021/07/18,2021/07/18,6.0,6.0,1.0,1.0,1.0,0.0,0.0,0.0,1.0
339,en2cn,2021/07/18,2021/07/18,6.0,6.0,1.0,1.0,1.0,0.0,0.0,0.0,1.0
341,cn2en,2021/07/18,2021/10/21,6.0,6.0,2.0,2.0,1.0,1.0,0.0,0.0,2.0
362,cn2en,2021/07/18,2021/07/18,3.0,3.0,0.0,1.0,0.0,1.0,0.0,1.0,0.0
366,cn2en,2021/07/18,2021/10/21,5.0,4.0,2.0,2.0,1.0,1.0,0.0,1.0,1.0
363,en2cn,2021/07/18,2021/10/21,3.0,4.0,0.0,2.0,0.0,2.0,0.0,2.0,0.0
346,en2cn,2021/07/18,2021/10/20,4.0,1.0,1.0,3.0,2.0,1.0,2.0,1.0,0.0
369,en2cn,2021/07/18,2021/10/20,3.0,1.0,0.0,2.0,1.0,1.0,1.0,1.0,0.0
365,en2cn,2021/07/18,2021/10/20,4.0,1.0,1.0,3.0,2.0,1.0,2.0,1.0,0.0
369,cn2en,2021/07/18,2021/10/22,4.0,2.0,1.0,2.0,2.0,0.0,1.0,1.0,0.0
350,cn2en,2021/07/18,2021/07/18,5.0,5.0,1.0,1.0,1.0,0.0,0.0,0.0,1.0
364,cn2en,2021/07/18,2021/10/21,5.0,4.0,2.0,2.0,1.0,1.0,0.0,1.0,1.0
358,cn2en,2021/07/18,2021/07/18,6.0,6.0,1.0,1.0,1.0,0.0,0.0,0.0,1.0
367,cn2en,2021/07/18,2021/10/22,6.0,6.0,2.0,2.0,1.0,1.0,0.0,0.0,2.0
362,en2cn,2021/07/18,2021/07/18,6.0,6.0,1.0,1.0,1.0,0.0,0.0,0.0,1.0
363,cn2en,2021/07/18,2021/07/18,5.0,5.0,1.0,1.0,1.0,0.0,0.0,0.0,1.0
349,en2cn,2021/07/18,2021/07/18,5.0,5.0,1.0,1.0,1.0,0.0,0.0,0.0,1.0
347,cn2en,2021/07/18,2021/07/18,3.0,3.0,0.0,1.0,0.0,1.0,0.0,1.0,0.0
360,en2cn,2021/07/18,2021/07/18,5.0,5.0,1.0,1.0,1.0,0.0,0.0,0.0,1.0
368,cn2en,2021/07/18,2021/10/21,4.0,4.0,2.0,2.0,1.0,1.0,0.0,2.0,0.0
348,cn2en,2021/07/18,2021/07/18,3.0,3.0,0.0,1.0,0.0,1.0,0.0,1.0,0.0
361,cn2en,2021/07/18,2021/10/21,5.0,4.0,2.0,2.0,1.0,1.0,0.0,1.0,1.0
351,en2cn,2021/07/18,2021/07/18,3.0,3.0,0.0,1.0,0.0,1.0,0.0,1.0,0.0
355,en2cn,2021/07/18,2021/07/18,5.0,5.0,1.0,1.0,1.0,0.0,0.0,0.0,1.0
346,cn2en,2021/07/18,2021/10/20,4.0,1.0,1.0,2.0,2.0,0.0,1.0,1.0,0.0
355,cn2en,2021/07/18,2021/10/22,6.0,6.0,2.0,2.0,1.0,1.0,0.0,0.0,2.0
370,cn2en,2021/07/18,2021/07/18,5.0,5.0,1.0,1.0,1.0,0.0,0.0,0.0,1.0
364,en2cn,2021/07/18,2021/10/22,2.0,6.0,0.0,2.0,0.0,2.0,1.0,0.0,1.0
365,cn2en,2021/07/18,2021/10/22,3.0,6.0,0.0,2.0,0.0,2.0,0.0,1.0,1.0
352,en2cn,2021/07/18,2021/07/18,5.0,5.0,1.0,1.0,1.0,0.0,0.0,0.0,1.0
347,en2cn,2021/07/18,2021/07/18,5.0,5.0,1.0,1.0,1.0,0.0,0.0,0.0,1.0
366,en2cn,2021/07/18,2021/10/21,6.0,6.0,2.0,2.0,1.0,1.0,0.0,0.0,2.0
367,en2cn,2021/07/18,2021/10/21,6.0,6.0,2.0,2.0,1.0,1.0,0.0,0.0,2.0
361,en2cn,2021/07/18,2021/07/18,5.0,5.0,1.0,1.0,1.0,0.0,0.0,0.0,1.0
348,en2cn,2021/07/18,2021/07/18,5.0,5.0,1.0,1.0,1.0,0.0,0.0,0.0,1.0
368,en2cn,2021/07/18,2021/10/21,3.0,4.0,0.0,2.0,0.0,2.0,0.0,2.0,0.0
358,en2cn,2021/07/18,2021/07/18,5.0,5.0,1.0,1.0,1.0,0.0,0.0,0.0,1.0
354,cn2en,2021/07/18,2021/10/22,1.0,2.0,0.0,2.0,1.0,1.0,2.0,0.0,0.0
356,en2cn,2021/07/18,2021/10/22,6.0,6.0,2.0,2.0,1.0,1.0,0.0,0.0,2.0
353,cn2en,2021/07/18,2021/10/22,6.0,6.0,2.0,2.0,1.0,1.0,0.0,0.0,2.0
351,cn2en,2021/07/18,2021/07/18,6.0,6.0,1.0,1.0,1.0,0.0,0.0,0.0,1.0
353,en2cn,2021/07/18,2021/10/21,5.0,6.0,2.0,2.0,1.0,1.0,0.0,0.0,2.0
360,cn2en,2021/07/18,2021/07/18,6.0,6.0,1.0,1.0,1.0,0.0,0.0,0.0,1.0
359,cn2en,2021/07/18,2021/10/20,4.0,1.0,1.0,2.0,2.0,0.0,1.0,1.0,0.0
359,en2cn,2021/07/18,2021/10/20,5.0,1.0,1.0,2.0,2.0,0.0,1.0,0.0,1.0
350,en2cn,2021/07/18,2021/07/18,3.0,3.0,0.0,1.0,0.0,1.0,0.0,1.0,0.0
349,cn2en,2021/07/18,2021/10/22,6.0,6.0,2.0,2.0,1.0,1.0,0.0,0.0,2.0
370,en2cn,2021/07/18,2021/07/18,6.0,6.0,1.0,1.0,1.0,0.0,0.0,0.0,1.0
357,en2cn,2021/07/18,2021/10/22,2.0,2.0,0.0,2.0,1.0,1.0,2.0,0.0,0.0
352,cn2en,2021/07/18,2021/07/18,5.0,5.0,1.0,1.0,1.0,0.0,0.0,0.0,1.0
357,cn2en,2021/07/18,2021/10/22,4.0,2.0,1.0,2.0,2.0,0.0,1.0,1.0,0.0
354,en2cn,2021/07/18,2021/07/18,3.0,3.0,0.0,1.0,0.0,1.0,0.0,1.0,0.0
356,cn2en,2021/07/18,2021/10/21,6.0,6.0,2.0,2.0,1.0,1.0,0.0,0.0,2.0
381,cn2en,2021/07/19,2021/10/22,3.0,2.0,0.0,2.0,1.0,1.0,1.0,1.0,0.0
393,cn2en,2021/07/19,2021/07/19,5.0,5.0,1.0,1.0,1.0,0.0,0.0,0.0,1.0
380,en2cn,2021/07/19,2021/07/19,5.0,5.0,1.0,1.0,1.0,0.0,0.0,0.0,1.0
380,cn2en,2021/07/19,2021/07/19,5.0,5.0,1.0,1.0,1.0,0.0,0.0,0.0,1.0
386,en2cn,2021/07/19,2021/07/19,5.0,5.0,1.0,1.0,1.0,0.0,0.0,0.0,1.0
395,en2cn,2021/07/19,2021/07/19,3.0,3.0,0.0,1.0,0.0,1.0,0.0,1.0,0.0
378,cn2en,2021/07/19,2021/10/20,4.0,1.0,1.0,2.0,2.0,0.0,1.0,1.0,0.0
393,en2cn,2021/07/19,2021/07/19,6.0,6.0,1.0,1.0,1.0,0.0,0.0,0.0,1.0
387,en2cn,2021/07/19,2021/07/19,3.0,3.0,0.0,1.0,0.0,1.0,0.0,1.0,0.0
386,cn2en,2021/07/19,2021/07/19,6.0,6.0,1.0,1.0,1.0,0.0,0.0,0.0,1.0
376,en2cn,2021/07/19,2021/10/22,4.0,2.0,1.0,2.0,2.0,0.0,1.0,1.0,0.0
391,en2cn,2021/07/19,2021/07/19,3.0,3.0,0.0,1.0,0.0,1.0,0.0,1.0,0.0
385,cn2en,2021/07/19,2021/10/21,4.0,4.0,2.0,2.0,1.0,1.0,0.0,2.0,0.0
394,cn2en,2021/07/19,2021/07/19,3.0,3.0,0.0,1.0,0.0,1.0,0.0,1.0,0.0
395,cn2en,2021/07/19,2021/07/19,5.0,5.0,1.0,1.0,1.0,0.0,0.0,0.0,1.0
373,cn2en,2021/07/19,2021/07/19,3.0,3.0,0.0,1.0,0.0,1.0,0.0,1.0,0.0
383,en2cn,2021/07/19,2021/07/19,3.0,3.0,0.0,1.0,0.0,1.0,0.0,1.0,0.0
385,en2cn,2021/07/19,2021/07/19,5.0,5.0,1.0,1.0,1.0,0.0,0.0,0.0,1.0
394,en2cn,2021/07/19,2021/07/19,5.0,5.0,1.0,1.0,1.0,0.0,0.0,0.0,1.0
387,cn2en,2021/07/19,2021/07/19,6.0,6.0,1.0,1.0,1.0,0.0,0.0,0.0,1.0
381,en2cn,2021/07/19,2021/10/21,5.0,6.0,2.0,2.0,1.0,1.0,0.0,0.0,2.0
383,cn2en,2021/07/19,2021/07/19,5.0,5.0,1.0,1.0,1.0,0.0,0.0,0.0,1.0
376,cn2en,2021/07/19,2021/10/22,1.0,2.0,0.0,3.0,2.0,1.0,2.0,1.0,0.0
374,cn2en,2021/07/19,2021/07/19,5.0,5.0,1.0,1.0,1.0,0.0,0.0,0.0,1.0
389,en2cn,2021/07/19,2021/07/19,3.0,3.0,0.0,1.0,0.0,1.0,0.0,1.0,0.0
388,cn2en,2021/07/19,2021/07/19,6.0,6.0,1.0,1.0,1.0,0.0,0.0,0.0,1.0
392,en2cn,2021/07/19,2021/07/19,5.0,5.0,1.0,1.0,1.0,0.0,0.0,0.0,1.0
390,en2cn,2021/07/19,2021/10/21,3.0,6.0,0.0,2.0,0.0,2.0,0.0,1.0,1.0
372,cn2en,2021/07/19,2021/10/20,5.0,1.0,1.0,2.0,2.0,0.0,1.0,0.0,1.0
377,cn2en,2021/07/19,2021/10/21,4.0,4.0,2.0,2.0,1.0,1.0,0.0,2.0,0.0
389,cn2en,2021/07/19,2021/07/19,5.0,5.0,1.0,1.0,1.0,0.0,0.0,0.0,1.0
375,cn2en,2021/07/19,2021/07/19,3.0,3.0,0.0,1.0,0.0,1.0,0.0,1.0,0.0
382,en2cn,2021/07/19,2021/07/19,5.0,5.0,1.0,1.0,1.0,0.0,0.0,0.0,1.0
390,cn2en,2021/07/19,2021/07/19,6.0,6.0,1.0,1.0,1.0,0.0,0.0,0.0,1.0
379,en2cn,2021/07/19,2021/07/19,5.0,5.0,1.0,1.0,1.0,0.0,0.0,0.0,1.0
374,en2cn,2021/07/19,2021/07/19,6.0,6.0,1.0,1.0,1.0,0.0,0.0,0.0,1.0
371,en2cn,2021/07/19,2021/07/19,6.0,6.0,1.0,1.0,1.0,0.0,0.0,0.0,1.0
379,cn2en,2021/07/19,2021/07/19,5.0,5.0,1.0,1.0,1.0,0.0,0.0,0.0,1.0
384,en2cn,2021/07/19,2021/10/20,5.0,1.0,1.0,2.0,2.0,0.0,1.0,0.0,1.0
384,cn2en,2021/07/19,2021/10/20,4.0,1.0,1.0,2.0,2.0,0.0,1.0,1.0,0.0
392,cn2en,2021/07/19,2021/07/19,5.0,5.0,1.0,1.0,1.0,0.0,0.0,0.0,1.0
373,en2cn,2021/07/19,2021/10/22,5.0,6.0,2.0,2.0,1.0,1.0,0.0,0.0,2.0
375,en2cn,2021/07/19,2021/10/22,5.0,6.0,2.0,2.0,1.0,1.0,0.0,0.0,2.0
377,en2cn,2021/07/19,2021/10/21,4.0,4.0,2.0,2.0,1.0,1.0,0.0,2.0,0.0
382,cn2en,2021/07/19,2021/10/22,6.0,6.0,2.0,2.0,1.0,1.0,0.0,0.0,2.0
372,en2cn,2021/07/19,2021/10/22,5.0,6.0,2.0,2.0,1.0,1.0,0.0,0.0,2.0
378,en2cn,2021/07/19,2021/10/21,3.0,4.0,0.0,2.0,0.0,2.0,0.0,2.0,0.0
391,cn2en,2021/07/19,2021/10/22,3.0,6.0,0.0,2.0,0.0,2.0,0.0,1.0,1.0
371,cn2en,2021/07/19,2021/10/21,6.0,6.0,2.0,2.0,1.0,1.0,0.0,0.0,2.0
388,en2cn,2021/07/19,2021/07/19,6.0,6.0,1.0,1.0,1.0,0.0,0.0,0.0,1.0
442,en2cn,2021/07/24,2021/10/20,4.0,1.0,1.0,2.0,2.0,0.0,1.0,1.0,0.0
404,en2cn,2021/07/24,2021/07/24,4.0,4.0,1.0,1.0,1.0,0.0,0.0,1.0,0.0
396,cn2en,2021/07/24,2021/10/22,4.0,6.0,2.0,2.0,1.0,1.0,0.0,1.0,1.0
431,en2cn,2021/07/24,2021/10/20,3.0,1.0,0.0,4.0,2.0,2.0,3.0,1.0,0.0
444,cn2en,2021/07/24,2021/10/20,5.0,1.0,1.0,2.0,2.0,0.0,1.0,0.0,1.0
415,en2cn,2021/07/24,2021/10/22,4.0,2.0,1.0,2.0,2.0,0.0,1.0,1.0,0.0
401,cn2en,2021/07/24,2021/07/24,5.0,5.0,1.0,1.0,1.0,0.0,0.0,0.0,1.0
435,cn2en,2021/07/24,2021/10/20,3.0,2.0,0.0,2.0,1.0,1.0,1.0,1.0,0.0
418,cn2en,2021/07/24,2021/07/24,5.0,5.0,1.0,1.0,1.0,0.0,0.0,0.0,1.0
408,cn2en,2021/07/24,2021/10/22,6.0,6.0,2.0,2.0,1.0,1.0,0.0,0.0,2.0
401,en2cn,2021/07/24,2021/07/24,6.0,6.0,1.0,1.0,1.0,0.0,0.0,0.0,1.0
420,en2cn,2021/07/24,2021/10/20,4.0,1.0,1.0,2.0,2.0,0.0,1.0,1.0,0.0
433,en2cn,2021/07/24,2021/10/21,3.0,4.0,0.0,2.0,0.0,2.0,0.0,2.0,0.0
398,en2cn,2021/07/24,2021/07/24,6.0,6.0,1.0,1.0,1.0,0.0,0.0,0.0,1.0
405,cn2en,2021/07/24,2021/07/24,5.0,5.0,1.0,1.0,1.0,0.0,0.0,0.0,1.0
403,en2cn,2021/07/24,2021/07/24,3.0,3.0,0.0,1.0,0.0,1.0,0.0,1.0,0.0
442,cn2en,2021/07/24,2021/10/20,4.0,2.0,1.0,2.0,2.0,0.0,1.0,1.0,0.0
430,cn2en,2021/07/24,2021/10/22,2.0,2.0,0.0,2.0,1.0,1.0,2.0,0.0,0.0
444,en2cn,2021/07/24,2021/10/20,5.0,2.0,1.0,2.0,2.0,0.0,1.0,0.0,1.0
439,en2cn,2021/07/24,2021/07/24,3.0,3.0,0.0,1.0,0.0,1.0,0.0,1.0,0.0
407,cn2en,2021/07/24,2021/10/21,6.0,4.0,2.0,2.0,1.0,1.0,0.0,1.0,1.0
413,cn2en,2021/07/24,2021/10/20,4.0,1.0,1.0,3.0,2.0,1.0,2.0,1.0,0.0
419,en2cn,2021/07/24,2021/10/20,4.0,1.0,1.0,2.0,2.0,0.0,1.0,1.0,0.0
408,en2cn,2021/07/24,2021/07/24,6.0,6.0,1.0,1.0,1.0,0.0,0.0,0.0,1.0
425,cn2en,2021/07/24,2021/10/20,4.0,1.0,1.0,2.0,2.0,0.0,1.0,1.0,0.0
436,en2cn,2021/07/24,2021/07/24,3.0,3.0,0.0,1.0,0.0,1.0,0.0,1.0,0.0
414,cn2en,2021/07/24,2021/07/24,3.0,3.0,0.0,1.0,0.0,1.0,0.0,1.0,0.0
439,cn2en,2021/07/24,2021/07/24,5.0,5.0,1.0,1.0,1.0,0.0,0.0,0.0,1.0
397,cn2en,2021/07/24,2021/07/24,6.0,6.0,1.0,1.0,1.0,0.0,0.0,0.0,1.0
423,cn2en,2021/07/24,2021/10/20,4.0,1.0,1.0,2.0,2.0,0.0,1.0,1.0,0.0
409,cn2en,2021/07/24,2021/07/24,5.0,5.0,1.0,1.0,1.0,0.0,0.0,0.0,1.0
429,en2cn,2021/07/24,2021/07/24,4.0,4.0,1.0,1.0,1.0,0.0,0.0,1.0,0.0
412,cn2en,2021/07/24,2021/07/24,3.0,3.0,0.0,1.0,0.0,1.0,0.0,1.0,0.0
445,cn2en,2021/07/24,2021/10/20,4.0,1.0,1.0,2.0,2.0,0.0,1.0,1.0,0.0
426,en2cn,2021/07/24,2021/10/20,3.0,2.0,0.0,2.0,1.0,1.0,1.0,1.0,0.0
403,cn2en,2021/07/24,2021/07/24,6.0,6.0,1.0,1.0,1.0,0.0,0.0,0.0,1.0
417,en2cn,2021/07/24,2021/07/24,3.0,3.0,0.0,1.0,0.0,1.0,0.0,1.0,0.0
406,en2cn,2021/07/24,2021/07/24,6.0,6.0,1.0,1.0,1.0,0.0,0.0,0.0,1.0
413,en2cn,2021/07/24,2021/07/24,5.0,5.0,1.0,1.0,1.0,0.0,0.0,0.0,1.0
445,en2cn,2021/07/24,2021/10/21,5.0,4.0,2.0,2.0,1.0,1.0,0.0,1.0,1.0
412,en2cn,2021/07/24,2021/07/24,6.0,6.0,1.0,1.0,1.0,0.0,0.0,0.0,1.0
437,cn2en,2021/07/24,2021/07/24,3.0,3.0,0.0,1.0,0.0,1.0,0.0,1.0,0.0
400,en2cn,2021/07/24,2021/10/21,3.0,4.0,0.0,2.0,0.0,2.0,0.0,2.0,0.0
435,en2cn,2021/07/24,2021/07/24,5.0,5.0,1.0,1.0,1.0,0.0,0.0,0.0,1.0
430,en2cn,2021/07/24,2021/10/22,1.0,2.0,0.0,2.0,1.0,1.0,2.0,0.0,0.0
397,en2cn,2021/07/24,2021/10/22,6.0,6.0,2.0,2.0,1.0,1.0,0.0,0.0,2.0
438,cn2en,2021/07/24,2021/10/22,4.0,2.0,1.0,3.0,2.0,1.0,2.0,1.0,0.0
415,cn2en,2021/07/24,2021/10/22,4.0,2.0,1.0,3.0,3.0,0.0,1.0,2.0,0.0
429,cn2en,2021/07/24,2021/10/22,6.0,6.0,2.0,2.0,1.0,1.0,0.0,0.0,2.0
407,en2cn,2021/07/24,2021/10/22,6.0,6.0,2.0,2.0,1.0,1.0,0.0,0.0,2.0
402,en2cn,2021/07/24,2021/07/24,6.0,6.0,1.0,1.0,1.0,0.0,0.0,0.0,1.0
428,cn2en,2021/07/24,2021/10/20,4.0,1.0,1.0,2.0,2.0,0.0,1.0,1.0,0.0
434,cn2en,2021/07/24,2021/10/20,4.0,1.0,1.0,3.0,2.0,1.0,2.0,1.0,0.0
410,en2cn,2021/07/24,2021/07/24,3.0,3.0,0.0,1.0,0.0,1.0,0.0,1.0,0.0
398,cn2en,2021/07/24,2021/07/24,6.0,6.0,1.0,1.0,1.0,0.0,0.0,0.0,1.0
432,en2cn,2021/07/24,2021/10/22,2.0,2.0,0.0,2.0,1.0,1.0,2.0,0.0,0.0
418,en2cn,2021/07/24,2021/07/24,5.0,5.0,1.0,1.0,1.0,0.0,0.0,0.0,1.0
404,cn2en,2021/07/24,2021/07/24,3.0,3.0,0.0,1.0,0.0,1.0,0.0,1.0,0.0
421,en2cn,2021/07/24,2021/07/24,3.0,3.0,0.0,1.0,0.0,1.0,0.0,1.0,0.0
416,en2cn,2021/07/24,2021/10/20,3.0,2.0,0.0,2.0,1.0,1.0,1.0,1.0,0.0
399,cn2en,2021/07/24,2021/10/22,6.0,6.0,2.0,2.0,1.0,1.0,0.0,0.0,2.0
428,en2cn,2021/07/24,2021/10/20,4.0,1.0,1.0,2.0,2.0,0.0,1.0,1.0,0.0
422,cn2en,2021/07/24,2021/07/24,6.0,6.0,1.0,1.0,1.0,0.0,0.0,0.0,1.0
406,cn2en,2021/07/24,2021/07/24,6.0,6.0,1.0,1.0,1.0,0.0,0.0,0.0,1.0
432,cn2en,2021/07/24,2021/07/24,5.0,5.0,1.0,1.0,1.0,0.0,0.0,0.0,1.0
424,cn2en,2021/07/24,2021/10/20,5.0,1.0,1.0,2.0,2.0,0.0,1.0,0.0,1.0
427,cn2en,2021/07/24,2021/07/24,3.0,3.0,0.0,1.0,0.0,1.0,0.0,1.0,0.0
427,en2cn,2021/07/24,2021/10/21,5.0,4.0,2.0,2.0,1.0,1.0,0.0,1.0,1.0
411,cn2en,2021/07/24,2021/07/24,5.0,5.0,1.0,1.0,1.0,0.0,0.0,0.0,1.0
441,en2cn,2021/07/24,2021/07/24,3.0,3.0,0.0,1.0,0.0,1.0,0.0,1.0,0.0
424,en2cn,2021/07/24,2021/10/21,5.0,4.0,2.0,2.0,1.0,1.0,0.0,1.0,1.0
414,en2cn,2021/07/24,2021/07/24,5.0,5.0,1.0,1.0,1.0,0.0,0.0,0.0,1.0
437,en2cn,2021/07/24,2021/07/24,5.0,5.0,1.0,1.0,1.0,0.0,0.0,0.0,1.0
443,en2cn,2021/07/24,2021/10/22,4.0,2.0,1.0,3.0,3.0,0.0,1.0,2.0,0.0
438,en2cn,2021/07/24,2021/10/20,4.0,1.0,1.0,2.0,2.0,0.0,1.0,1.0,0.0
434,en2cn,2021/07/24,2021/07/24,3.0,3.0,0.0,1.0,0.0,1.0,0.0,1.0,0.0
422,en2cn,2021/07/24,2021/07/24,3.0,3.0,0.0,1.0,0.0,1.0,0.0,1.0,0.0
426,cn2en,2021/07/24,2021/07/24,5.0,5.0,1.0,1.0,1.0,0.0,0.0,0.0,1.0
405,en2cn,2021/07/24,2021/07/24,5.0,5.0,1.0,1.0,1.0,0.0,0.0,0.0,1.0
409,en2cn,2021/07/24,2021/07/24,6.0,6.0,1.0,1.0,1.0,0.0,0.0,0.0,1.0
399,en2cn,2021/07/24,2021/07/24,6.0,6.0,1.0,1.0,1.0,0.0,0.0,0.0,1.0
410,cn2en,2021/07/24,2021/07/24,6.0,6.0,1.0,1.0,1.0,0.0,0.0,0.0,1.0
417,cn2en,2021/07/24,2021/10/22,5.0,6.0,2.0,2.0,1.0,1.0,0.0,0.0,2.0
423,en2cn,2021/07/24,2021/10/20,4.0,1.0,1.0,2.0,2.0,0.0,1.0,1.0,0.0
400,cn2en,2021/07/24,2021/07/24,6.0,6.0,1.0,1.0,1.0,0.0,0.0,0.0,1.0
396,en2cn,2021/07/24,2021/10/22,6.0,6.0,2.0,2.0,1.0,1.0,0.0,0.0,2.0
402,cn2en,2021/07/24,2021/07/24,6.0,6.0,1.0,1.0,1.0,0.0,0.0,0.0,1.0
416,cn2en,2021/07/24,2021/07/24,4.0,4.0,1.0,1.0,1.0,0.0,0.0,1.0,0.0
425,en2cn,2021/07/24,2021/10/21,4.0,4.0,2.0,2.0,1.0,1.0,0.0,2.0,0.0
421,cn2en,2021/07/24,2021/07/24,6.0,6.0,1.0,1.0,1.0,0.0,0.0,0.0,1.0
419,cn2en,2021/07/24,2021/10/20,4.0,1.0,1.0,2.0,2.0,0.0,1.0,1.0,0.0
433,cn2en,2021/07/24,2021/10/22,6.0,6.0,2.0,2.0,1.0,1.0,0.0,0.0,2.0
441,cn2en,2021/07/24,2021/07/24,5.0,5.0,1.0,1.0,1.0,0.0,0.0,0.0,1.0
443,cn2en,2021/07/24,2021/07/24,5.0,5.0,1.0,1.0,1.0,0.0,0.0,0.0,1.0
440,cn2en,2021/07/24,2021/07/24,3.0,3.0,0.0,1.0,0.0,1.0,0.0,1.0,0.0
440,en2cn,2021/07/24,2021/10/22,1.0,2.0,0.0,3.0,2.0,1.0,2.0,1.0,0.0
420,cn2en,2021/07/24,2021/07/24,3.0,3.0,0.0,1.0,0.0,1.0,0.0,1.0,0.0
411,en2cn,2021/07/24,2021/10/21,5.0,6.0,2.0,2.0,1.0,1.0,0.0,0.0,2.0
431,cn2en,2021/07/24,2021/07/24,5.0,5.0,1.0,1.0,1.0,0.0,0.0,0.0,1.0
436,cn2en,2021/07/24,2021/07/24,3.0,3.0,0.0,1.0,0.0,1.0,0.0,1.0,0.0
467,cn2en,2021/07/24,2021/10/20,4.0,1.0,1.0,3.0,2.0,1.0,2.0,1.0,0.0
452,cn2en,2021/07/24,2021/10/22,6.0,6.0,2.0,2.0,1.0,1.0,0.0,0.0,2.0
449,en2cn,2021/07/24,2021/10/20,4.0,1.0,1.0,2.0,2.0,0.0,1.0,1.0,0.0
470,en2cn,2021/07/24,2021/10/20,4.0,1.0,1.0,2.0,2.0,0.0,1.0,1.0,0.0
458,en2cn,2021/07/24,2021/07/24,3.0,3.0,0.0,1.0,0.0,1.0,0.0,1.0,0.0
465,cn2en,2021/07/24,2021/07/24,5.0,5.0,1.0,1.0,1.0,0.0,0.0,0.0,1.0
459,cn2en,2021/07/24,2021/10/22,1.0,2.0,0.0,2.0,1.0,1.0,2.0,0.0,0.0
459,en2cn,2021/07/24,2021/10/22,2.0,2.0,0.0,3.0,2.0,1.0,2.0,1.0,0.0
446,cn2en,2021/07/24,2021/07/24,3.0,3.0,0.0,1.0,0.0,1.0,0.0,1.0,0.0
456,en2cn,2021/07/24,2021/07/24,3.0,3.0,0.0,1.0,0.0,1.0,0.0,1.0,0.0
460,en2cn,2021/07/24,2021/10/20,5.0,1.0,1.0,2.0,2.0,0.0,1.0,0.0,1.0
458,cn2en,2021/07/24,2021/10/22,3.0,6.0,0.0,2.0,0.0,2.0,0.0,1.0,1.0
455,cn2en,2021/07/24,2021/10/22,1.0,2.0,0.0,4.0,2.0,2.0,4.0,0.0,0.0
470,cn2en,2021/07/24,2021/10/20,4.0,2.0,1.0,2.0,2.0,0.0,1.0,1.0,0.0
457,en2cn,2021/07/24,2021/10/20,4.0,1.0,1.0,2.0,2.0,0.0,1.0,1.0,0.0
448,en2cn,2021/07/24,2021/10/22,1.0,2.0,0.0,3.0,1.0,2.0,3.0,0.0,0.0
449,cn2en,2021/07/24,2021/10/22,4.0,2.0,1.0,2.0,2.0,0.0,1.0,1.0,0.0
450,en2cn,2021/07/24,2021/10/22,2.0,2.0,0.0,2.0,1.0,1.0,2.0,0.0,0.0
446,en2cn,2021/07/24,2021/07/24,5.0,5.0,1.0,1.0,1.0,0.0,0.0,0.0,1.0
468,cn2en,2021/07/24,2021/10/22,4.0,2.0,1.0,4.0,3.0,1.0,3.0,1.0,0.0
456,cn2en,2021/07/24,2021/07/24,3.0,3.0,0.0,1.0,0.0,1.0,0.0,1.0,0.0
457,cn2en,2021/07/24,2021/10/22,4.0,2.0,1.0,2.0,2.0,0.0,1.0,1.0,0.0
461,cn2en,2021/07/24,2021/10/22,4.0,2.0,1.0,2.0,2.0,0.0,1.0,1.0,0.0
465,en2cn,2021/07/24,2021/07/24,5.0,5.0,1.0,1.0,1.0,0.0,0.0,0.0,1.0
460,cn2en,2021/07/24,2021/10/21,5.0,4.0,2.0,2.0,1.0,1.0,0.0,1.0,1.0
454,en2cn,2021/07/24,2021/10/22,2.0,2.0,0.0,4.0,2.0,2.0,4.0,0.0,0.0
462,en2cn,2021/07/24,2021/10/20,5.0,1.0,1.0,2.0,2.0,0.0,1.0,0.0,1.0
447,cn2en,2021/07/24,2021/07/24,3.0,3.0,0.0,1.0,0.0,1.0,0.0,1.0,0.0
461,en2cn,2021/07/24,2021/10/22,3.0,2.0,0.0,3.0,2.0,1.0,1.0,2.0,0.0
467,en2cn,2021/07/24,2021/10/20,4.0,1.0,1.0,2.0,2.0,0.0,1.0,1.0,0.0
468,en2cn,2021/07/24,2021/10/21,4.0,4.0,2.0,2.0,1.0,1.0,0.0,2.0,0.0
453,cn2en,2021/07/24,2021/07/24,4.0,4.0,1.0,1.0,1.0,0.0,0.0,1.0,0.0
469,en2cn,2021/07/24,2021/10/22,2.0,2.0,0.0,4.0,2.0,2.0,4.0,0.0,0.0
448,cn2en,2021/07/24,2021/10/22,1.0,1.0,0.0,4.0,2.0,2.0,4.0,0.0,0.0
452,en2cn,2021/07/24,2021/07/24,5.0,5.0,1.0,1.0,1.0,0.0,0.0,0.0,1.0
463,en2cn,2021/07/24,2021/10/22,4.0,6.0,2.0,2.0,1.0,1.0,0.0,1.0,1.0
447,en2cn,2021/07/24,2021/07/24,5.0,5.0,1.0,1.0,1.0,0.0,0.0,0.0,1.0
466,cn2en,2021/07/24,2021/07/24,4.0,4.0,1.0,1.0,1.0,0.0,0.0,1.0,0.0
464,en2cn,2021/07/24,2021/10/20,5.0,1.0,1.0,2.0,2.0,0.0,1.0,0.0,1.0
469,cn2en,2021/07/24,2021/10/20,4.0,1.0,1.0,2.0,2.0,0.0,1.0,1.0,0.0
453,en2cn,2021/07/24,2021/10/21,3.0,4.0,0.0,2.0,0.0,2.0,0.0,2.0,0.0
454,cn2en,2021/07/24,2021/10/22,4.0,2.0,1.0,3.0,2.0,1.0,2.0,1.0,0.0
450,cn2en,2021/07/24,2021/07/24,5.0,5.0,1.0,1.0,1.0,0.0,0.0,0.0,1.0
464,cn2en,2021/07/24,2021/07/24,5.0,5.0,1.0,1.0,1.0,0.0,0.0,0.0,1.0
455,en2cn,2021/07/24,2021/10/22,1.0,2.0,0.0,3.0,1.0,2.0,3.0,0.0,0.0
451,cn2en,2021/07/24,2021/10/20,5.0,1.0,1.0,2.0,2.0,0.0,1.0,0.0,1.0
463,cn2en,2021/07/24,2021/07/24,6.0,6.0,1.0,1.0,1.0,0.0,0.0,0.0,1.0
462,cn2en,2021/07/24,2021/07/24,5.0,5.0,1.0,1.0,1.0,0.0,0.0,0.0,1.0
451,en2cn,2021/07/24,2021/10/21,5.0,4.0,2.0,2.0,1.0,1.0,0.0,1.0,1.0
466,en2cn,2021/07/24,2021/07/24,6.0,6.0,1.0,1.0,1.0,0.0,0.0,0.0,1.0
486,en2cn,2021/09/20,2021/10/20,3.0,1.0,0.0,2.0,1.0,1.0,1.0,1.0,0.0
481,en2cn,2021/09/20,2021/09/20,3.0,3.0,0.0,1.0,0.0,1.0,0.0,1.0,0.0
493,cn2en,2021/09/20,2021/09/20,3.0,3.0,0.0,1.0,0.0,1.0,0.0,1.0,0.0
472,cn2en,2021/09/20,2021/10/20,4.0,2.0,1.0,2.0,2.0,0.0,1.0,1.0,0.0
471,en2cn,2021/09/20,2021/10/22,2.0,1.0,0.0,3.0,1.0,2.0,3.0,0.0,0.0
475,en2cn,2021/09/20,2021/10/22,1.0,2.0,0.0,2.0,1.0,1.0,2.0,0.0,0.0
482,en2cn,2021/09/20,2021/09/20,3.0,3.0,0.0,1.0,0.0,1.0,0.0,1.0,0.0
484,cn2en,2021/09/20,2021/09/20,3.0,3.0,0.0,1.0,0.0,1.0,0.0,1.0,0.0
491,cn2en,2021/09/20,2021/09/20,5.0,5.0,1.0,1.0,1.0,0.0,0.0,0.0,1.0
477,cn2en,2021/09/20,2021/10/22,1.0,2.0,0.0,2.0,1.0,1.0,2.0,0.0,0.0
475,cn2en,2021/09/20,2021/09/20,4.0,4.0,1.0,1.0,1.0,0.0,0.0,1.0,0.0
497,cn2en,2021/09/20,2021/10/22,1.0,2.0,0.0,2.0,1.0,1.0,2.0,0.0,0.0
479,cn2en,2021/09/20,2021/09/20,6.0,6.0,1.0,1.0,1.0,0.0,0.0,0.0,1.0
495,en2cn,2021/09/20,2021/09/20,3.0,3.0,0.0,1.0,0.0,1.0,0.0,1.0,0.0
472,en2cn,2021/09/20,2021/09/20,4.0,4.0,1.0,1.0,1.0,0.0,0.0,1.0,0.0
486,cn2en,2021/09/20,2021/09/20,3.0,3.0,0.0,1.0,0.0,1.0,0.0,1.0,0.0
477,en2cn,2021/09/20,2021/09/20,3.0,3.0,0.0,1.0,0.0,1.0,0.0,1.0,0.0
479,en2cn,2021/09/20,2021/09/20,6.0,6.0,1.0,1.0,1.0,0.0,0.0,0.0,1.0
487,cn2en,2021/09/20,2021/09/20,4.0,4.0,1.0,1.0,1.0,0.0,0.0,1.0,0.0
473,cn2en,2021/09/20,2021/09/20,4.0,4.0,1.0,1.0,1.0,0.0,0.0,1.0,0.0
492,en2cn,2021/09/20,2021/10/22,1.0,1.0,0.0,4.0,2.0,2.0,4.0,0.0,0.0
480,en2cn,2021/09/20,2021/10/20,4.0,1.0,1.0,2.0,2.0,0.0,1.0,1.0,0.0
482,cn2en,2021/09/20,2021/09/20,4.0,4.0,1.0,1.0,1.0,0.0,0.0,1.0,0.0
493,en2cn,2021/09/20,2021/09/20,4.0,4.0,1.0,1.0,1.0,0.0,0.0,1.0,0.0
491,en2cn,2021/09/20,2021/09/20,5.0,5.0,1.0,1.0,1.0,0.0,0.0,0.0,1.0
495,cn2en,2021/09/20,2021/10/22,1.0,2.0,0.0,2.0,1.0,1.0,2.0,0.0,0.0
490,cn2en,2021/09/20,2021/10/22,1.0,1.0,0.0,3.0,1.0,2.0,3.0,0.0,0.0
476,en2cn,2021/09/20,2021/10/22,2.0,2.0,0.0,2.0,1.0,1.0,2.0,0.0,0.0
496,cn2en,2021/09/20,2021/09/20,4.0,4.0,1.0,1.0,1.0,0.0,0.0,1.0,0.0
478,en2cn,2021/09/20,2021/09/20,3.0,3.0,0.0,1.0,0.0,1.0,0.0,1.0,0.0
489,en2cn,2021/09/20,2021/10/22,2.0,2.0,0.0,2.0,1.0,1.0,2.0,0.0,0.0
476,cn2en,2021/09/20,2021/09/20,4.0,4.0,1.0,1.0,1.0,0.0,0.0,1.0,0.0
483,en2cn,2021/09/20,2021/09/20,3.0,3.0,0.0,1.0,0.0,1.0,0.0,1.0,0.0
497,en2cn,2021/09/20,2021/09/20,4.0,4.0,1.0,1.0,1.0,0.0,0.0,1.0,0.0
496,en2cn,2021/09/20,2021/09/20,5.0,5.0,1.0,1.0,1.0,0.0,0.0,0.0,1.0
487,en2cn,2021/09/20,2021/09/20,4.0,4.0,1.0,1.0,1.0,0.0,0.0,1.0,0.0
494,cn2en,2021/09/20,2021/10/22,1.0,1.0,0.0,4.0,2.0,2.0,4.0,0.0,0.0
490,en2cn,2021/09/20,2021/10/22,4.0,1.0,1.0,3.0,2.0,1.0,2.0,1.0,0.0
483,cn2en,2021/09/20,2021/09/20,5.0,5.0,1.0,1.0,1.0,0.0,0.0,0.0,1.0
488,en2cn,2021/09/20,2021/09/20,3.0,3.0,0.0,1.0,0.0,1.0,0.0,1.0,0.0
473,en2cn,2021/09/20,2021/09/20,5.0,5.0,1.0,1.0,1.0,0.0,0.0,0.0,1.0
488,cn2en,2021/09/20,2021/09/20,4.0,4.0,1.0,1.0,1.0,0.0,0.0,1.0,0.0
478,cn2en,2021/09/20,2021/09/20,5.0,5.0,1.0,1.0,1.0,0.0,0.0,0.0,1.0
485,cn2en,2021/09/20,2021/09/20,3.0,3.0,0.0,1.0,0.0,1.0,0.0,1.0,0.0
489,cn2en,2021/09/20,2021/09/20,3.0,3.0,0.0,1.0,0.0,1.0,0.0,1.0,0.0
484,en2cn,2021/09/20,2021/09/20,3.0,3.0,0.0,1.0,0.0,1.0,0.0,1.0,0.0
492,cn2en,2021/09/20,2021/10/22,1.0,1.0,0.0,4.0,2.0,2.0,4.0,0.0,0.0
480,cn2en,2021/09/20,2021/10/22,2.0,2.0,0.0,2.0,1.0,1.0,2.0,0.0,0.0
481,cn2en,2021/09/20,2021/09/20,4.0,4.0,1.0,1.0,1.0,0.0,0.0,1.0,0.0
471,cn2en,2021/09/20,2021/09/20,3.0,3.0,0.0,1.0,0.0,1.0,0.0,1.0,0.0
474,cn2en,2021/09/20,2021/10/20,4.0,1.0,1.0,2.0,2.0,0.0,1.0,1.0,0.0
494,en2cn,2021/09/20,2021/10/22,4.0,1.0,1.0,3.0,2.0,1.0,2.0,1.0,0.0
474,en2cn,2021/09/20,2021/10/22,3.0,1.0,0.0,3.0,1.0,2.0,2.0,1.0,0.0
485,en2cn,2021/09/20,2021/09/20,5.0,5.0,1.0,1.0,1.0,0.0,0.0,0.0,1.0
498,cn2en,2021/09/21,2021/09/21,4.0,4.0,1.0,1.0,1.0,0.0,0.0,1.0,0.0
515,cn2en,2021/09/21,2021/09/21,3.0,3.0,0.0,1.0,0.0,1.0,0.0,1.0,0.0
503,cn2en,2021/09/21,2021/10/21,4.0,4.0,2.0,2.0,1.0,1.0,0.0,2.0,0.0
501,cn2en,2021/09/21,2021/09/21,5.0,5.0,1.0,1.0,1.0,0.0,0.0,0.0,1.0
509,cn2en,2021/09/21,2021/09/21,3.0,3.0,0.0,1.0,0.0,1.0,0.0,1.0,0.0
514,cn2en,2021/09/21,2021/10/22,4.0,2.0,1.0,2.0,2.0,0.0,1.0,1.0,0.0
505,cn2en,2021/09/21,2021/10/20,4.0,1.0,1.0,2.0,2.0,0.0,1.0,1.0,0.0
509,en2cn,2021/09/21,2021/09/21,5.0,5.0,1.0,1.0,1.0,0.0,0.0,0.0,1.0
500,en2cn,2021/09/21,2021/10/20,4.0,1.0,1.0,2.0,2.0,0.0,1.0,1.0,0.0
510,en2cn,2021/09/21,2021/10/20,5.0,1.0,1.0,2.0,2.0,0.0,1.0,0.0,1.0
511,en2cn,2021/09/21,2021/10/20,4.0,1.0,1.0,2.0,2.0,0.0,1.0,1.0,0.0
511,cn2en,2021/09/21,2021/10/22,4.0,2.0,1.0,2.0,2.0,0.0,1.0,1.0,0.0
507,cn2en,2021/09/21,2021/10/22,1.0,1.0,0.0,4.0,2.0,2.0,4.0,0.0,0.0
498,en2cn,2021/09/21,2021/09/21,5.0,5.0,1.0,1.0,1.0,0.0,0.0,0.0,1.0
508,en2cn,2021/09/21,2021/10/20,5.0,1.0,1.0,2.0,2.0,0.0,1.0,0.0,1.0
512,cn2en,2021/09/21,2021/10/22,2.0,2.0,0.0,2.0,1.0,1.0,2.0,0.0,0.0
499,cn2en,2021/09/21,2021/10/22,4.0,2.0,1.0,2.0,2.0,0.0,1.0,1.0,0.0
516,en2cn,2021/09/21,2021/10/22,4.0,2.0,1.0,2.0,2.0,0.0,1.0,1.0,0.0
515,en2cn,2021/09/21,2021/10/21,4.0,4.0,2.0,2.0,1.0,1.0,0.0,2.0,0.0
510,cn2en,2021/09/21,2021/10/21,5.0,4.0,2.0,2.0,1.0,1.0,0.0,1.0,1.0
506,cn2en,2021/09/21,2021/10/22,1.0,2.0,0.0,2.0,1.0,1.0,2.0,0.0,0.0
500,cn2en,2021/09/21,2021/10/20,4.0,1.0,1.0,2.0,2.0,0.0,1.0,1.0,0.0
512,en2cn,2021/09/21,2021/10/22,2.0,2.0,0.0,2.0,1.0,1.0,2.0,0.0,0.0
516,cn2en,2021/09/21,2021/09/21,4.0,4.0,1.0,1.0,1.0,0.0,0.0,1.0,0.0
504,en2cn,2021/09/21,2021/09/21,3.0,3.0,0.0,1.0,0.0,1.0,0.0,1.0,0.0
505,en2cn,2021/09/21,2021/10/20,5.0,1.0,1.0,2.0,2.0,0.0,1.0,0.0,1.0
502,cn2en,2021/09/21,2021/10/22,1.0,1.0,0.0,4.0,2.0,2.0,4.0,0.0,0.0
507,en2cn,2021/09/21,2021/10/22,1.0,1.0,0.0,3.0,1.0,2.0,3.0,0.0,0.0
499,en2cn,2021/09/21,2021/09/21,5.0,5.0,1.0,1.0,1.0,0.0,0.0,0.0,1.0
513,cn2en,2021/09/21,2021/10/20,4.0,1.0,1.0,2.0,2.0,0.0,1.0,1.0,0.0
508,cn2en,2021/09/21,2021/10/20,5.0,1.0,1.0,2.0,2.0,0.0,1.0,0.0,1.0
504,cn2en,2021/09/21,2021/09/21,4.0,4.0,1.0,1.0,1.0,0.0,0.0,1.0,0.0
513,en2cn,2021/09/21,2021/10/22,3.0,2.0,0.0,2.0,1.0,1.0,1.0,1.0,0.0
501,en2cn,2021/09/21,2021/09/21,5.0,5.0,1.0,1.0,1.0,0.0,0.0,0.0,1.0
514,en2cn,2021/09/21,2021/10/22,4.0,2.0,1.0,2.0,2.0,0.0,1.0,1.0,0.0
503,en2cn,2021/09/21,2021/09/21,4.0,4.0,1.0,1.0,1.0,0.0,0.0,1.0,0.0
506,en2cn,2021/09/21,2021/10/22,1.0,2.0,0.0,2.0,1.0,1.0,2.0,0.0,0.0
502,en2cn,2021/09/21,2021/10/20,4.0,1.0,1.0,2.0,2.0,0.0,1.0,1.0,0.0
525,cn2en,2021/09/26,2021/10/22,1.0,1.0,0.0,4.0,2.0,2.0,4.0,0.0,0.0
523,cn2en,2021/09/26,2021/10/22,5.0,1.0,1.0,3.0,2.0,1.0,2.0,0.0,1.0
526,en2cn,2021/09/26,2021/10/20,4.0,1.0,1.0,2.0,2.0,0.0,1.0,1.0,0.0
540,cn2en,2021/09/26,2021/09/26,4.0,4.0,1.0,1.0,1.0,0.0,0.0,1.0,0.0
541,en2cn,2021/09/26,2021/10/20,4.0,1.0,1.0,2.0,2.0,0.0,1.0,1.0,0.0
534,cn2en,2021/09/26,2021/10/20,5.0,1.0,1.0,2.0,2.0,0.0,1.0,0.0,1.0
544,en2cn,2021/09/26,2021/09/26,3.0,3.0,0.0,1.0,0.0,1.0,0.0,1.0,0.0
533,cn2en,2021/09/26,2021/10/22,1.0,2.0,0.0,2.0,1.0,1.0,2.0,0.0,0.0
520,cn2en,2021/09/26,2021/10/22,3.0,2.0,0.0,2.0,1.0,1.0,1.0,1.0,0.0
518,en2cn,2021/09/26,2021/09/26,3.0,3.0,0.0,1.0,0.0,1.0,0.0,1.0,0.0
538,en2cn,2021/09/26,2021/09/26,3.0,3.0,0.0,1.0,0.0,1.0,0.0,1.0,0.0
540,en2cn,2021/09/26,2021/09/26,5.0,5.0,1.0,1.0,1.0,0.0,0.0,0.0,1.0
517,cn2en,2021/09/26,2021/10/20,4.0,1.0,1.0,2.0,2.0,0.0,1.0,1.0,0.0
542,cn2en,2021/09/26,2021/09/26,5.0,5.0,1.0,1.0,1.0,0.0,0.0,0.0,1.0
535,cn2en,2021/09/26,2021/09/26,5.0,5.0,1.0,1.0,1.0,0.0,0.0,0.0,1.0
538,cn2en,2021/09/26,2021/09/26,5.0,5.0,1.0,1.0,1.0,0.0,0.0,0.0,1.0
524,en2cn,2021/09/26,2021/10/20,4.0,1.0,1.0,2.0,2.0,0.0,1.0,1.0,0.0
539,cn2en,2021/09/26,2021/09/26,3.0,3.0,0.0,1.0,0.0,1.0,0.0,1.0,0.0
543,cn2en,2021/09/26,2021/10/20,5.0,1.0,1.0,2.0,2.0,0.0,1.0,0.0,1.0
533,en2cn,2021/09/26,2021/09/26,4.0,4.0,1.0,1.0,1.0,0.0,0.0,1.0,0.0
527,en2cn,2021/09/26,2021/10/22,2.0,1.0,0.0,3.0,1.0,2.0,3.0,0.0,0.0
526,cn2en,2021/09/26,2021/09/26,4.0,4.0,1.0,1.0,1.0,0.0,0.0,1.0,0.0
529,cn2en,2021/09/26,2021/10/22,1.0,2.0,0.0,2.0,1.0,1.0,2.0,0.0,0.0
525,en2cn,2021/09/26,2021/10/22,1.0,1.0,0.0,3.0,1.0,2.0,3.0,0.0,0.0
544,cn2en,2021/09/26,2021/09/26,5.0,5.0,1.0,1.0,1.0,0.0,0.0,0.0,1.0
531,cn2en,2021/09/26,2021/10/22,1.0,1.0,0.0,3.0,1.0,2.0,3.0,0.0,0.0
517,en2cn,2021/09/26,2021/10/22,2.0,2.0,0.0,3.0,1.0,2.0,3.0,0.0,0.0
529,en2cn,2021/09/26,2021/09/26,3.0,3.0,0.0,1.0,0.0,1.0,0.0,1.0,0.0
543,en2cn,2021/09/26,2021/10/21,5.0,4.0,2.0,2.0,1.0,1.0,0.0,1.0,1.0
523,en2cn,2021/09/26,2021/10/22,4.0,2.0,1.0,2.0,2.0,0.0,1.0,1.0,0.0
521,en2cn,2021/09/26,2021/10/20,4.0,1.0,1.0,2.0,2.0,0.0,1.0,1.0,0.0
522,en2cn,2021/09/26,2021/10/22,2.0,2.0,0.0,2.0,1.0,1.0,2.0,0.0,0.0
537,cn2en,2021/09/26,2021/09/26,4.0,4.0,1.0,1.0,1.0,0.0,0.0,1.0,0.0
532,cn2en,2021/09/26,2021/10/22,1.0,1.0,0.0,3.0,1.0,2.0,3.0,0.0,0.0
530,en2cn,2021/09/26,2021/10/22,2.0,1.0,0.0,3.0,1.0,2.0,3.0,0.0,0.0
536,cn2en,2021/09/26,2021/09/26,4.0,4.0,1.0,1.0,1.0,0.0,0.0,1.0,0.0
522,cn2en,2021/09/26,2021/09/26,4.0,4.0,1.0,1.0,1.0,0.0,0.0,1.0,0.0
519,en2cn,2021/09/26,2021/10/20,4.0,1.0,1.0,2.0,2.0,0.0,1.0,1.0,0.0
534,en2cn,2021/09/26,2021/10/22,4.0,2.0,1.0,2.0,2.0,0.0,1.0,1.0,0.0
520,en2cn,2021/09/26,2021/09/26,5.0,5.0,1.0,1.0,1.0,0.0,0.0,0.0,1.0
530,cn2en,2021/09/26,2021/10/22,2.0,1.0,0.0,3.0,1.0,2.0,3.0,0.0,0.0
542,en2cn,2021/09/26,2021/09/26,4.0,4.0,1.0,1.0,1.0,0.0,0.0,1.0,0.0
541,cn2en,2021/09/26,2021/10/22,4.0,2.0,1.0,2.0,2.0,0.0,1.0,1.0,0.0
521,cn2en,2021/09/26,2021/09/26,3.0,3.0,0.0,1.0,0.0,1.0,0.0,1.0,0.0
519,cn2en,2021/09/26,2021/10/20,4.0,1.0,1.0,2.0,2.0,0.0,1.0,1.0,0.0
537,en2cn,2021/09/26,2021/09/26,5.0,5.0,1.0,1.0,1.0,0.0,0.0,0.0,1.0
518,cn2en,2021/09/26,2021/09/26,5.0,5.0,1.0,1.0,1.0,0.0,0.0,0.0,1.0
535,en2cn,2021/09/26,2021/09/26,5.0,5.0,1.0,1.0,1.0,0.0,0.0,0.0,1.0
531,en2cn,2021/09/26,2021/10/22,1.0,1.0,0.0,4.0,2.0,2.0,4.0,0.0,0.0
536,en2cn,2021/09/26,2021/09/26,3.0,3.0,0.0,1.0,0.0,1.0,0.0,1.0,0.0
528,en2cn,2021/09/26,2021/10/22,4.0,1.0,1.0,3.0,2.0,1.0,2.0,1.0,0.0
539,en2cn,2021/09/26,2021/09/26,4.0,4.0,1.0,1.0,1.0,0.0,0.0,1.0,0.0
528,cn2en,2021/09/26,2021/10/21,3.0,4.0,0.0,2.0,0.0,2.0,0.0,2.0,0.0
524,cn2en,2021/09/26,2021/10/20,4.0,1.0,1.0,2.0,2.0,0.0,1.0,1.0,0.0
527,cn2en,2021/09/26,2021/09/26,4.0,4.0,1.0,1.0,1.0,0.0,0.0,1.0,0.0
532,en2cn,2021/09/26,2021/10/22,1.0,1.0,0.0,3.0,1.0,2.0,3.0,0.0,0.0
550,cn2en,2021/09/26,2021/09/26,4.0,4.0,1.0,1.0,1.0,0.0,0.0,1.0,0.0
553,en2cn,2021/09/26,2021/09/26,3.0,3.0,0.0,1.0,0.0,1.0,0.0,1.0,0.0
557,en2cn,2021/09/26,2021/09/26,5.0,5.0,1.0,1.0,1.0,0.0,0.0,0.0,1.0
552,cn2en,2021/09/26,2021/10/22,4.0,2.0,1.0,3.0,2.0,1.0,2.0,1.0,0.0
556,cn2en,2021/09/26,2021/09/26,6.0,6.0,1.0,1.0,1.0,0.0,0.0,0.0,1.0
545,en2cn,2021/09/26,2021/09/26,5.0,5.0,1.0,1.0,1.0,0.0,0.0,0.0,1.0
562,en2cn,2021/09/26,2021/09/26,4.0,4.0,1.0,1.0,1.0,0.0,0.0,1.0,0.0
550,en2cn,2021/09/26,2021/09/26,5.0,5.0,1.0,1.0,1.0,0.0,0.0,0.0,1.0
558,cn2en,2021/09/26,2021/10/20,5.0,1.0,1.0,2.0,2.0,0.0,1.0,0.0,1.0
564,cn2en,2021/09/26,2021/09/26,4.0,4.0,1.0,1.0,1.0,0.0,0.0,1.0,0.0
553,cn2en,2021/09/26,2021/09/26,5.0,5.0,1.0,1.0,1.0,0.0,0.0,0.0,1.0
560,cn2en,2021/09/26,2021/09/26,3.0,3.0,0.0,1.0,0.0,1.0,0.0,1.0,0.0
545,cn2en,2021/09/26,2021/09/26,5.0,5.0,1.0,1.0,1.0,0.0,0.0,0.0,1.0
547,en2cn,2021/09/26,2021/10/22,1.0,1.0,0.0,4.0,2.0,2.0,4.0,0.0,0.0
555,cn2en,2021/09/26,2021/10/20,4.0,1.0,1.0,2.0,2.0,0.0,1.0,1.0,0.0
554,cn2en,2021/09/26,2021/09/26,3.0,3.0,0.0,1.0,0.0,1.0,0.0,1.0,0.0
547,cn2en,2021/09/26,2021/10/22,1.0,1.0,0.0,3.0,1.0,2.0,3.0,0.0,0.0
559,en2cn,2021/09/26,2021/09/26,3.0,3.0,0.0,1.0,0.0,1.0,0.0,1.0,0.0
552,en2cn,2021/09/26,2021/10/20,4.0,1.0,1.0,2.0,2.0,0.0,1.0,1.0,0.0
561,en2cn,2021/09/26,2021/10/22,4.0,1.0,1.0,3.0,2.0,1.0,2.0,1.0,0.0
564,en2cn,2021/09/26,2021/09/26,5.0,5.0,1.0,1.0,1.0,0.0,0.0,0.0,1.0
549,cn2en,2021/09/26,2021/09/26,4.0,4.0,1.0,1.0,1.0,0.0,0.0,1.0,0.0
563,en2cn,2021/09/26,2021/10/22,2.0,1.0,0.0,3.0,1.0,2.0,3.0,0.0,0.0
561,cn2en,2021/09/26,2021/10/22,4.0,1.0,1.0,4.0,3.0,1.0,3.0,1.0,0.0
562,cn2en,2021/09/26,2021/09/26,5.0,5.0,1.0,1.0,1.0,0.0,0.0,0.0,1.0
551,cn2en,2021/09/26,2021/09/26,4.0,4.0,1.0,1.0,1.0,0.0,0.0,1.0,0.0
548,en2cn,2021/09/26,2021/09/26,5.0,5.0,1.0,1.0,1.0,0.0,0.0,0.0,1.0
558,en2cn,2021/09/26,2021/10/20,4.0,1.0,1.0,2.0,2.0,0.0,1.0,1.0,0.0
563,cn2en,2021/09/26,2021/09/26,4.0,4.0,1.0,1.0,1.0,0.0,0.0,1.0,0.0
548,cn2en,2021/09/26,2021/09/26,5.0,5.0,1.0,1.0,1.0,0.0,0.0,0.0,1.0
559,cn2en,2021/09/26,2021/09/26,6.0,6.0,1.0,1.0,1.0,0.0,0.0,0.0,1.0
560,en2cn,2021/09/26,2021/09/26,5.0,5.0,1.0,1.0,1.0,0.0,0.0,0.0,1.0
546,en2cn,2021/09/26,2021/10/22,1.0,2.0,0.0,2.0,1.0,1.0,2.0,0.0,0.0
551,en2cn,2021/09/26,2021/09/26,4.0,4.0,1.0,1.0,1.0,0.0,0.0,1.0,0.0
555,en2cn,2021/09/26,2021/10/20,4.0,1.0,1.0,2.0,2.0,0.0,1.0,1.0,0.0
554,en2cn,2021/09/26,2021/09/26,4.0,4.0,1.0,1.0,1.0,0.0,0.0,1.0,0.0
556,en2cn,2021/09/26,2021/09/26,6.0,6.0,1.0,1.0,1.0,0.0,0.0,0.0,1.0
557,cn2en,2021/09/26,2021/09/26,6.0,6.0,1.0,1.0,1.0,0.0,0.0,0.0,1.0
549,en2cn,2021/09/26,2021/09/26,4.0,4.0,1.0,1.0,1.0,0.0,0.0,1.0,0.0
546,cn2en,2021/09/26,2021/09/26,3.0,3.0,0.0,1.0,0.0,1.0,0.0,1.0,0.0
571,en2cn,2021/09/26,2021/09/26,5.0,5.0,1.0,1.0,1.0,0.0,0.0,0.0,1.0
582,en2cn,2021/09/26,2021/09/26,3.0,3.0,0.0,1.0,0.0,1.0,0.0,1.0,0.0
570,cn2en,2021/09/26,2021/10/22,1.0,2.0,0.0,2.0,1.0,1.0,2.0,0.0,0.0
566,cn2en,2021/09/26,2021/09/26,3.0,3.0,0.0,1.0,0.0,1.0,0.0,1.0,0.0
573,cn2en,2021/09/26,2021/09/26,5.0,5.0,1.0,1.0,1.0,0.0,0.0,0.0,1.0
565,cn2en,2021/09/26,2021/09/26,5.0,5.0,1.0,1.0,1.0,0.0,0.0,0.0,1.0
582,cn2en,2021/09/26,2021/09/26,5.0,5.0,1.0,1.0,1.0,0.0,0.0,0.0,1.0
581,cn2en,2021/09/26,2021/09/26,3.0,3.0,0.0,1.0,0.0,1.0,0.0,1.0,0.0
575,en2cn,2021/09/26,2021/09/26,4.0,4.0,1.0,1.0,1.0,0.0,0.0,1.0,0.0
568,cn2en,2021/09/26,2021/09/26,4.0,4.0,1.0,1.0,1.0,0.0,0.0,1.0,0.0
567,cn2en,2021/09/26,2021/09/26,3.0,3.0,0.0,1.0,0.0,1.0,0.0,1.0,0.0
577,en2cn,2021/09/26,2021/09/26,3.0,3.0,0.0,1.0,0.0,1.0,0.0,1.0,0.0
569,en2cn,2021/09/26,2021/09/26,3.0,3.0,0.0,1.0,0.0,1.0,0.0,1.0,0.0
576,cn2en,2021/09/26,2021/09/26,3.0,3.0,0.0,1.0,0.0,1.0,0.0,1.0,0.0
579,en2cn,2021/09/26,2021/09/26,5.0,5.0,1.0,1.0,1.0,0.0,0.0,0.0,1.0
568,en2cn,2021/09/26,2021/09/26,5.0,5.0,1.0,1.0,1.0,0.0,0.0,0.0,1.0
571,cn2en,2021/09/26,2021/09/26,5.0,5.0,1.0,1.0,1.0,0.0,0.0,0.0,1.0
572,en2cn,2021/09/26,2021/09/26,4.0,4.0,1.0,1.0,1.0,0.0,0.0,1.0,0.0
574,cn2en,2021/09/26,2021/09/26,3.0,3.0,0.0,1.0,0.0,1.0,0.0,1.0,0.0
565,en2cn,2021/09/26,2021/09/26,4.0,4.0,1.0,1.0,1.0,0.0,0.0,1.0,0.0
584,cn2en,2021/09/26,2021/09/26,5.0,5.0,1.0,1.0,1.0,0.0,0.0,0.0,1.0
577,cn2en,2021/09/26,2021/09/26,5.0,5.0,1.0,1.0,1.0,0.0,0.0,0.0,1.0
570,en2cn,2021/09/26,2021/09/26,4.0,4.0,1.0,1.0,1.0,0.0,0.0,1.0,0.0
581,en2cn,2021/09/26,2021/09/26,5.0,5.0,1.0,1.0,1.0,0.0,0.0,0.0,1.0
566,en2cn,2021/09/26,2021/09/26,4.0,4.0,1.0,1.0,1.0,0.0,0.0,1.0,0.0
580,en2cn,2021/09/26,2021/09/26,5.0,5.0,1.0,1.0,1.0,0.0,0.0,0.0,1.0
575,cn2en,2021/09/26,2021/09/26,5.0,5.0,1.0,1.0,1.0,0.0,0.0,0.0,1.0
569,cn2en,2021/09/26,2021/09/26,5.0,5.0,1.0,1.0,1.0,0.0,0.0,0.0,1.0
576,en2cn,2021/09/26,2021/09/26,4.0,4.0,1.0,1.0,1.0,0.0,0.0,1.0,0.0
584,en2cn,2021/09/26,2021/09/26,5.0,5.0,1.0,1.0,1.0,0.0,0.0,0.0,1.0
583,en2cn,2021/09/26,2021/10/22,1.0,1.0,0.0,4.0,2.0,2.0,4.0,0.0,0.0
574,en2cn,2021/09/26,2021/09/26,4.0,4.0,1.0,1.0,1.0,0.0,0.0,1.0,0.0
572,cn2en,2021/09/26,2021/09/26,5.0,5.0,1.0,1.0,1.0,0.0,0.0,0.0,1.0
578,cn2en,2021/09/26,2021/09/26,3.0,3.0,0.0,1.0,0.0,1.0,0.0,1.0,0.0
567,en2cn,2021/09/26,2021/09/26,4.0,4.0,1.0,1.0,1.0,0.0,0.0,1.0,0.0
580,cn2en,2021/09/26,2021/09/26,4.0,4.0,1.0,1.0,1.0,0.0,0.0,1.0,0.0
573,en2cn,2021/09/26,2021/09/26,6.0,6.0,1.0,1.0,1.0,0.0,0.0,0.0,1.0
578,en2cn,2021/09/26,2021/09/26,4.0,4.0,1.0,1.0,1.0,0.0,0.0,1.0,0.0
583,cn2en,2021/09/26,2021/10/22,1.0,1.0,0.0,3.0,1.0,2.0,3.0,0.0,0.0
579,cn2en,2021/09/26,2021/09/26,5.0,5.0,1.0,1.0,1.0,0.0,0.0,0.0,1.0
590,cn2en,2021/10/17,2021/10/22,1.0,1.0,0.0,2.0,1.0,1.0,2.0,0.0,0.0
595,en2cn,2021/10/17,2021/10/22,1.0,2.0,0.0,3.0,1.0,2.0,3.0,0.0,0.0
600,en2cn,2021/10/17,2021/10/22,2.0,1.0,0.0,2.0,1.0,1.0,2.0,0.0,0.0
599,cn2en,2021/10/17,2021/10/17,4.0,4.0,1.0,1.0,1.0,0.0,0.0,1.0,0.0
594,en2cn,2021/10/17,2021/10/22,1.0,1.0,0.0,2.0,1.0,1.0,2.0,0.0,0.0
599,en2cn,2021/10/17,2021/10/17,5.0,5.0,1.0,1.0,1.0,0.0,0.0,0.0,1.0
587,en2cn,2021/10/17,2021/10/17,3.0,3.0,0.0,1.0,0.0,1.0,0.0,1.0,0.0
588,cn2en,2021/10/17,2021/10/17,3.0,3.0,0.0,1.0,0.0,1.0,0.0,1.0,0.0
601,en2cn,2021/10/17,2021/10/22,1.0,2.0,0.0,2.0,1.0,1.0,2.0,0.0,0.0
586,cn2en,2021/10/17,2021/10/22,2.0,2.0,0.0,2.0,1.0,1.0,2.0,0.0,0.0
589,cn2en,2021/10/17,2021/10/22,3.0,2.0,0.0,2.0,1.0,1.0,1.0,1.0,0.0
593,cn2en,2021/10/17,2021/10/22,5.0,2.0,1.0,2.0,2.0,0.0,1.0,0.0,1.0
588,en2cn,2021/10/17,2021/10/17,4.0,4.0,1.0,1.0,1.0,0.0,0.0,1.0,0.0
600,cn2en,2021/10/17,2021/10/17,4.0,4.0,1.0,1.0,1.0,0.0,0.0,1.0,0.0
590,en2cn,2021/10/17,2021/10/17,3.0,3.0,0.0,1.0,0.0,1.0,0.0,1.0,0.0
591,cn2en,2021/10/17,2021/10/22,1.0,2.0,0.0,4.0,2.0,2.0,4.0,0.0,0.0
585,en2cn,2021/10/17,2021/10/22,1.0,1.0,0.0,2.0,1.0,1.0,2.0,0.0,0.0
595,cn2en,2021/10/17,2021/10/22,1.0,1.0,0.0,2.0,1.0,1.0,2.0,0.0,0.0
597,en2cn,2021/10/17,2021/10/22,2.0,1.0,0.0,4.0,2.0,2.0,4.0,0.0,0.0
589,en2cn,2021/10/17,2021/10/17,4.0,4.0,1.0,1.0,1.0,0.0,0.0,1.0,0.0
593,en2cn,2021/10/17,2021/10/17,4.0,4.0,1.0,1.0,1.0,0.0,0.0,1.0,0.0
587,cn2en,2021/10/17,2021/10/17,3.0,3.0,0.0,1.0,0.0,1.0,0.0,1.0,0.0
596,cn2en,2021/10/17,2021/10/22,4.0,2.0,1.0,2.0,2.0,0.0,1.0,1.0,0.0
592,en2cn,2021/10/17,2021/10/22,2.0,2.0,0.0,2.0,1.0,1.0,2.0,0.0,0.0
592,cn2en,2021/10/17,2021/10/17,4.0,4.0,1.0,1.0,1.0,0.0,0.0,1.0,0.0
594,cn2en,2021/10/17,2021/10/17,3.0,3.0,0.0,1.0,0.0,1.0,0.0,1.0,0.0
585,cn2en,2021/10/17,2021/10/22,1.0,1.0,0.0,2.0,1.0,1.0,2.0,0.0,0.0
602,en2cn,2021/10/17,2021/10/17,5.0,5.0,1.0,1.0,1.0,0.0,0.0,0.0,1.0
601,cn2en,2021/10/17,2021/10/17,4.0,4.0,1.0,1.0,1.0,0.0,0.0,1.0,0.0
598,en2cn,2021/10/17,2021/10/17,3.0,3.0,0.0,1.0,0.0,1.0,0.0,1.0,0.0
591,en2cn,2021/10/17,2021/10/22,4.0,1.0,1.0,3.0,2.0,1.0,2.0,1.0,0.0
602,cn2en,2021/10/17,2021/10/17,3.0,3.0,0.0,1.0,0.0,1.0,0.0,1.0,0.0
597,cn2en,2021/10/17,2021/10/17,4.0,4.0,1.0,1.0,1.0,0.0,0.0,1.0,0.0
596,en2cn,2021/10/17,2021/10/17,5.0,5.0,1.0,1.0,1.0,0.0,0.0,0.0,1.0
586,en2cn,2021/10/17,2021/10/17,5.0,5.0,1.0,1.0,1.0,0.0,0.0,0.0,1.0
598,cn2en,2021/10/17,2021/10/17,5.0,5.0,1.0,1.0,1.0,0.0,0.0,0.0,1.0
